Sr_No,State,MP_Name,Constituency,Allocated_Amount,Constituency_Type,Deviation,Deviation_Pct,Allocation_Bucket
1.0,Maharashtra,AASHTIKAR PATIL NAGESH BAPURAO,HINGOLI,190289442.0,General,43289442.0,29.45,₹14.7-20 Cr (Moderately High)
2.0,Jammu And Kashmir,ABDUL RASHID SHEIKH,BARAMULLAH,154773472.11,General,7773472.110000014,5.29,₹14.7-20 Cr (Moderately High)
3.0,Bihar,ABHAY KUMAR SINHA,AURANGABAD_BR,147000000.0,General,0.0,0.0,₹14.7 Cr (Standard)
4.0,West Bengal,ABHIJIT GANGOPADHYAY,TAMLUK,147000000.0,General,0.0,0.0,₹14.7 Cr (Standard)
5.0,West Bengal,Abu Taher Khan,MURSHIDABAD,147000000.0,General,0.0,0.0,₹14.7 Cr (Standard)
6.0,West Bengal,ADHIKARI SOUMENDU,KANTHI,147000000.0,General,0.0,0.0,₹14.7 Cr (Standard)
7.0,Uttar Pradesh,ADITYA YADAV,BADAUN,147000000.0,General,0.0,0.0,₹14.7 Cr (Standard)
8.0,Kerala,Adv Adoor Prakash,ATTINGAL,147000000.0,General,0.0,0.0,₹14.7 Cr (Standard)
9.0,Kerala,Adv Dean Kuriakose,IDUKKI,147000000.0,General,0.0,0.0,₹14.7 Cr (Standard)
10.0,Maharashtra,ADV GOWAAL KAGADA PADAVI,NANDURBAR(ST),147816309.11,ST,816309.1100000143,0.56,₹14.7-20 Cr (Moderately High)
11.0,Kerala,ADV K FRANCIS GEORGE,KOTTAYAM,188722256.11,General,41722256.110000014,28.38,₹14.7-20 Cr (Moderately High)
12.0,Uttar Pradesh,AFZAL ANSARI,GHAZIPUR,220500000.0,General,73500000.0,50.0,₹20-25 Cr (High)
13.0,Jammu And Kashmir,AGA SYED RUHULLAH MEHDI,SRINAGAR,147000000.0,General,0.0,0.0,₹14.7 Cr (Standard)
14.0,Uttarakhand,Ajay Bhatt,NAINITAL UDHAM SINGH NAG.,147000000.0,General,0.0,0.0,₹14.7 Cr (Standard)
15.0,Bihar,Ajay Kumar Mandal,BHAGALPUR,147000000.0,General,0.0,0.0,₹14.7 Cr (Standard)
16.0,Uttarakhand,Ajay Tamta,ALMORA(SC),147000000.0,SC,0.0,0.0,₹14.7 Cr (Standard)
17.0,Uttar Pradesh,AJENDRA SINGH LODHI,HAMIRPUR_UP,147000000.0,General,0.0,0.0,₹14.7 Cr (Standard)
18.0,Uttar Pradesh,AKHILESH YADAV,KANNAUJ,147000000.0,General,0.0,0.0,₹14.7 Cr (Standard)
19.0,Uttar Pradesh,AKSHAYA YADAV,FIROZABAD,147000000.0,General,0.0,0.0,₹14.7 Cr (Standard)
20.0,Manipur,ALFRED KANNGAM S ARTHUR,OUTER MANIPUR(ST),147000000.0,ST,0.0,0.0,₹14.7 Cr (Standard)
21.0,Bihar,Alok Kumar Suman,GOPALGANJ (SC),147000000.0,SC,0.0,0.0,₹14.7 Cr (Standard)
22.0,Madhya Pradesh,ALOK SHARMA,BHOPAL,147000000.0,General,0.0,0.0,₹14.7 Cr (Standard)
23.0,Maharashtra,AMAR SHARADRAO KALE,WARDHA,147000000.0,General,0.0,0.0,₹14.7 Cr (Standard)
24.0,Assam,AMARSING TISSO,Diphu (ST),147000000.0,ST,0.0,0.0,₹14.7 Cr (Standard)
25.0,Andhra Pradesh,AMBICA G LAKSHMINARAYANA VALMIKI,ANANTAPUR,201899064.11,General,54899064.110000014,37.35,₹20-25 Cr (High)
26.0,Maharashtra,Amol Ramsing Kolhe,SHIRUR,147000000.0,General,0.0,0.0,₹14.7 Cr (Standard)
27.0,Rajasthan,AMRARAM,SIKAR,165691544.11,General,18691544.110000014,12.72,₹14.7-20 Cr (Moderately High)
28.0,Punjab,AMRINDER SINGH RAJA WARRING,LUDHIANA,147000000.0,General,0.0,0.0,₹14.7 Cr (Standard)
29.0,Uttar Pradesh,ANAND BHADAURIYA,DHAURAHRA,147000000.0,General,0.0,0.0,₹14.7 Cr (Standard)
30.0,Uttar Pradesh,ANAND KUMAR,BAHRAICH(SC),147000000.0,SC,0.0,0.0,₹14.7 Cr (Standard)
31.0,Odisha,ANANTA NAYAK,KEONJHAR(ST),147000000.0,ST,0.0,0.0,₹14.7 Cr (Standard)
32.0,Tamil Nadu,Andimuthu Raja,NILGIRIS(SC),147000000.0,SC,0.0,0.0,₹14.7 Cr (Standard)
33.0,Meghalaya,ANDREW J. SYNGKON,SHILLONG,98000000.0,General,-49000000.0,-33.33,< ₹10 Cr (Severely Low)
34.0,Manipur,ANGOMCHA BIMOL AKOIJAM,INNER MANIPUR,147000000.0,General,0.0,0.0,₹14.7 Cr (Standard)
35.0,Uttarakhand,ANIL BALUNI,GARHWAL,147000000.0,General,0.0,0.0,₹14.7 Cr (Standard)
36.0,Maharashtra,ANIL YESHWANT DESAI,MUMBAI SOUTH CENTRAL,147000000.0,General,0.0,0.0,₹14.7 Cr (Standard)
37.0,Madhya Pradesh,ANITA NAGARSINGH CHOUHAN,RATLAM(ST),147000000.0,ST,0.0,0.0,₹14.7 Cr (Standard)
38.0,Odisha,ANITA SUBHADARSHINI,ASKA,147000000.0,General,0.0,0.0,₹14.7 Cr (Standard)
39.0,Jharkhand,Annpurna Devi,KODARMA,166665931.8,General,19665931.800000012,13.38,₹14.7-20 Cr (Moderately High)
40.0,Uttar Pradesh,ANOOP PRADHAN BALMIKI,HATHRAS (SC),147000000.0,SC,0.0,0.0,₹14.7 Cr (Standard)
41.0,Kerala,Anto Antony,PATHANAMTHITTA,147000000.0,General,0.0,0.0,₹14.7 Cr (Standard)
42.0,Maharashtra,ANUP SANJAY DHOTRE,AKOLA,147000000.0,General,0.0,0.0,₹14.7 Cr (Standard)
43.0,Uttar Pradesh,Anurag Sharma,JHANSI,147000000.0,General,0.0,0.0,₹14.7 Cr (Standard)
44.0,Himachal Pradesh,Anurag Singh Thakur,HAMIRPUR_HP,149570117.11,General,2570117.1100000143,1.75,₹14.7-20 Cr (Moderately High)
45.0,Andhra Pradesh,Appalanaidu Kalisetti,VIZIANAGARAM,147000000.0,General,0.0,0.0,₹14.7 Cr (Standard)
46.0,Bihar,ARUN BHARTI,JAMUI(SC),194924621.11,SC,47924621.110000014,32.6,₹14.7-20 Cr (Moderately High)
47.0,Uttar Pradesh,ARUN GOVIL,MEERUT,147000000.0,General,0.0,0.0,₹14.7 Cr (Standard)
48.0,Tamil Nadu,ARUN NEHRU,PERAMBALUR,147000000.0,General,0.0,0.0,₹14.7 Cr (Standard)
49.0,Telangana,ARUNA. D. K,MAHABUBNAGAR,147000000.0,General,0.0,0.0,₹14.7 Cr (Standard)
50.0,West Bengal,ARUP CHAKRABORTY,BANKURA,147000000.0,General,0.0,0.0,₹14.7 Cr (Standard)
51.0,Telangana,Arvind Dharmapuri,NIZAMABAD,281396355.11,General,134396355.11,91.43,> ₹25 Cr (Very High)
52.0,Maharashtra,Arvind Ganpat Sawant,MUMBAI SOUTH,147000000.0,General,0.0,0.0,₹14.7 Cr (Standard)
53.0,Telangana,Asaduddin Owaisi,HYDERABAD,147000000.0,General,0.0,0.0,₹14.7 Cr (Standard)
54.0,Madhya Pradesh,ASHISH DUBEY,JABALPUR,147000000.0,General,0.0,0.0,₹14.7 Cr (Standard)
55.0,Uttar Pradesh,Ashok Kumar Rawat,MISRIKH(SC),147000000.0,SC,0.0,0.0,₹14.7 Cr (Standard)
56.0,Bihar,Ashok Kumar Yadav,MADHUBANI,147000000.0,General,0.0,0.0,₹14.7 Cr (Standard)
57.0,West Bengal,Asit Kumar Mal,BOLPUR(SC),275694456.74,SC,128694456.74000001,87.55,> ₹25 Cr (Very High)
58.0,Uttar Pradesh,ATUL GARG,GHAZIABAD,155336470.0,General,8336470.0,5.67,₹14.7-20 Cr (Moderately High)
59.0,Odisha,AVIMANYU SETHI,BHADRAK(SC),147000000.0,SC,0.0,0.0,₹14.7 Cr (Standard)
60.0,Uttar Pradesh,AWADHESH PRASAD,FAIZABAD,147000000.0,General,0.0,0.0,₹14.7 Cr (Standard)
61.0,West Bengal,AZAD KIRTI JHA,BARDHAMAN-DURGAPUR,179658399.98,General,32658399.97999999,22.22,₹14.7-20 Cr (Moderately High)
62.0,Andhra Pradesh,B K PARTHASARATHI,HINDUPUR,160491894.11,General,13491894.110000014,9.18,₹14.7-20 Cr (Moderately High)
63.0,Uttar Pradesh,BABU SINGH KUSHWAHA,JAUNPUR,147000000.0,General,0.0,0.0,₹14.7 Cr (Standard)
64.0,Maharashtra,BACHHAV SHOBHA DINESH,DHULE,147000000.0,General,0.0,0.0,₹14.7 Cr (Standard)
65.0,West Bengal,BAG MITALI,ARAMBAG(SC),147000000.0,SC,0.0,0.0,₹14.7 Cr (Standard)
66.0,Odisha,BAIJAYANT PANDA,KENDRAPARA,147000000.0,General,0.0,0.0,₹14.7 Cr (Standard)
67.0,Maharashtra,BAJRANG MANOHAR SONWANE,BEED,165899107.19,General,18899107.189999998,12.86,₹14.7-20 Cr (Moderately High)
68.0,Odisha,BALABHADRA MAJHI,NABARANGPUR(ST),147413962.11,ST,413962.1100000143,0.28,₹14.7-20 Cr (Moderately High)
69.0,Andhra Pradesh,Balashowry Vallabbhaneni,MACHILIPATNAM,147000000.0,General,0.0,0.0,₹14.7 Cr (Standard)
70.0,Telangana,BALRAM NAIK PORIKA,MAHABUBABAD,147000000.0,General,0.0,0.0,₹14.7 Cr (Standard)
71.0,Maharashtra,BALWANT BASWANT WANKHADE,AMRAVATI(SC),198293678.0,SC,51293678.0,34.89,₹14.7-20 Cr (Moderately High)
72.0,Maharashtra,BALYA MAMA SURESH GOPINATH MHATRE,BHIWANDI,147000000.0,General,0.0,0.0,₹14.7 Cr (Standard)
73.0,Delhi,Bansuri Swaraj,NEW DELHI,154306950.0,General,7306950.0,4.97,₹14.7-20 Cr (Moderately High)
74.0,West Bengal,BAPI HALDAR,MATHURAPUR(SC),147000000.0,SC,0.0,0.0,₹14.7 Cr (Standard)
75.0,Karnataka,BASAVARAJ BOMMAI,HAVERI,147000000.0,General,0.0,0.0,₹14.7 Cr (Standard)
76.0,Andhra Pradesh,BASTIPATI NAGARAJU PANCHALINGALA,KURNOOL,159998515.11,General,12998515.110000014,8.84,₹14.7-20 Cr (Moderately High)
77.0,Rajasthan,Bhagirath Chaudhary,AJMER,147000000.0,General,0.0,0.0,₹14.7 Cr (Standard)
78.0,Rajasthan,BHAJAN LAL JATAV,KARAULI-DHOLPUR(SC),147000000.0,SC,0.0,0.0,₹14.7 Cr (Standard)
79.0,Madhya Pradesh,BHARAT SINGH KUSHWAH,GWALIOR,151455276.04,General,4455276.039999992,3.03,₹14.7-20 Cr (Moderately High)
80.0,Gujarat,BHARATBHAI MANUBHAI SUTARIYA,AMRELI,147000000.0,General,0.0,0.0,₹14.7 Cr (Standard)
81.0,Gujarat,Bharatsinhji Shankarji Dabhi,PATAN,147000000.0,General,0.0,0.0,₹14.7 Cr (Standard)
82.0,Madhya Pradesh,BHARTI PARDHI,BALAGHAT,154398389.01,General,7398389.00999999,5.03,₹14.7-20 Cr (Moderately High)
83.0,Maharashtra,BHASKAR MURLIDHAR BHAGARE,DINDORI(ST),147000000.0,ST,0.0,0.0,₹14.7 Cr (Standard)
84.0,Maharashtra,BHAUSAHEB RAJARAM WAKCHAURE,SHIRDI(SC),147000000.0,SC,0.0,0.0,₹14.7 Cr (Standard)
85.0,Chhattisgarh,BHOJRAJ NAG,KANKER(ST),164672734.11,ST,17672734.110000014,12.02,₹14.7-20 Cr (Moderately High)
86.0,Uttar Pradesh,Bhola Singh,BULANDSHAHR(SC),147000000.0,SC,0.0,0.0,₹14.7 Cr (Standard)
87.0,Maharashtra,BHUMARE SANDIPANRAO ASARAM,AURANGABAD_MH,147000000.0,General,0.0,0.0,₹14.7 Cr (Standard)
88.0,Andhra Pradesh,Bhupathiraju Srinivasa varma,NARASAPURAM,147000000.0,General,0.0,0.0,₹14.7 Cr (Standard)
89.0,Rajasthan,BHUPENDER YADAV,ALWAR,147000000.0,General,0.0,0.0,₹14.7 Cr (Standard)
90.0,Odisha,BIBHU PRASAD TARAI,JAGATSINGHPUR(SC),147000000.0,SC,0.0,0.0,₹14.7 Cr (Standard)
91.0,Jharkhand,Bidyut Baran Mahato,JAMSHEDPUR,147000000.0,General,0.0,0.0,₹14.7 Cr (Standard)
92.0,Assam,BIJULI KALITA MEDHI,GUWAHATI,147000000.0,General,0.0,0.0,₹14.7 Cr (Standard)
93.0,Tripura,BIPLAB KUMAR DEB,TRIPURA WEST,147000000.0,General,0.0,0.0,₹14.7 Cr (Standard)
94.0,Andaman And Nicobar Islands,BISHNU PADA RAY,ANDAMAN AND NICOBAR ISLANDS,147000000.0,General,0.0,0.0,₹14.7 Cr (Standard)
95.0,Rajasthan,BRIJENDRA SINGH OLA,JHUNJHUNU,147000000.0,General,0.0,0.0,₹14.7 Cr (Standard)
96.0,Chhattisgarh,BRIJMOHAN AGRAWAL,RAIPUR,153766451.11,General,6766451.110000014,4.6,₹14.7-20 Cr (Moderately High)
97.0,Madhya Pradesh,BUNTY VIVEK SAHU,CHHINDWARA,147000000.0,General,0.0,0.0,₹14.7 Cr (Standard)
98.0,Gujarat,C R Patil,NAVSARI,158532494.36,General,11532494.360000014,7.85,₹14.7-20 Cr (Moderately High)
99.0,Andhra Pradesh,C.M.RAMESH,ANAKAPALLE,202531656.11,General,55531656.110000014,37.78,₹20-25 Cr (High)
100.0,Karnataka,CAPTAIN BRIJESH CHOWTA,DAKSHINA KANNADA,147000000.0,General,0.0,0.0,₹14.7 Cr (Standard)
101.0,Goa,CAPTAIN VIRIATO FERNANDES,SOUTH GOA,147000000.0,General,0.0,0.0,₹14.7 Cr (Standard)
102.0,Telangana,CHAMALA KIRAN KUMAR REDDY,BHONGIR,147000000.0,General,0.0,0.0,₹14.7 Cr (Standard)
103.0,Uttar Pradesh,CHANDAN CHAUHAN,BIJNOR,147000000.0,General,0.0,0.0,₹14.7 Cr (Standard)
104.0,Rajasthan,Chandra Prakash Joshi,CHITTORGARH,147000000.0,General,0.0,0.0,₹14.7 Cr (Standard)
105.0,Uttar Pradesh,CHANDRA SHEKHAR,NAGINA(SC),147000000.0,SC,0.0,0.0,₹14.7 Cr (Standard)
106.0,Gujarat,CHANDUBHAI CHHAGANBHAI SHIHORA,SURENDRANAGAR,147000000.0,General,0.0,0.0,₹14.7 Cr (Standard)
107.0,Punjab,CHARANJIT SINGH CHANNI,JALANDHAR(SC),147000000.0,SC,0.0,0.0,₹14.7 Cr (Standard)
109.0,Uttar Pradesh,CHHATRA PAL SINGH GANGWAR,BAREILLY,147000000.0,General,0.0,0.0,₹14.7 Cr (Standard)
110.0,Maharashtra,CHHATRAPATI SHAHU SHAHAJI,KOLHAPUR,147000000.0,General,0.0,0.0,₹14.7 Cr (Standard)
111.0,Uttar Pradesh,CHHOTELAL,ROBERTSGANJ(SC),147000000.0,SC,0.0,0.0,₹14.7 Cr (Standard)
112.0,Chhattisgarh,CHINTAMANI MAHARAJ,SARGUJA(ST),147000000.0,ST,0.0,0.0,₹14.7 Cr (Standard)
113.0,Bihar,CHIRAG PASWAN,HAJIPUR(SC),147000000.0,SC,0.0,0.0,₹14.7 Cr (Standard)
114.0,Tamil Nadu,CN Annadurai,TIRUVANNAMALAI,148579509.11,General,1579509.1100000143,1.07,₹14.7-20 Cr (Moderately High)
115.0,Tamil Nadu,D M Kathir Anand,VELLORE,160196941.11,General,13196941.110000014,8.98,₹14.7-20 Cr (Moderately High)
116.0,Tamil Nadu,D Ravikumar,VILUPPURAM(SC),197598306.11,SC,50598306.110000014,34.42,₹14.7-20 Cr (Moderately High)
117.0,Andhra Pradesh,Daggubati Purandeshwari,RAJAHMUNDRY,147000000.0,General,0.0,0.0,₹14.7 Cr (Standard)
118.0,Andhra Pradesh,DAGGUMALLA PRASADA RAO,CHITTOOR,147000000.0,General,0.0,0.0,₹14.7 Cr (Standard)
119.0,Rajasthan,DAMODAR AGARWAL,BHILWARA,147000000.0,General,0.0,0.0,₹14.7 Cr (Standard)
120.0,Uttar Pradesh,DAROGA PRASAD SAROJ,LALGANJ (SC),147000000.0,SC,0.0,0.0,₹14.7 Cr (Standard)
121.0,Madhya Pradesh,DARSHAN SINGH CHOUDHARY,HOSHANGABAD,147000000.0,General,0.0,0.0,₹14.7 Cr (Standard)
122.0,Haryana,DEEPENDER SINGH HOODA,ROHTAK,147000000.0,General,0.0,0.0,₹14.7 Cr (Standard)
123.0,Uttar Pradesh,Devendra Alias Bhole Singh,AKBARPUR,147000000.0,General,0.0,0.0,₹14.7 Cr (Standard)
124.0,Bihar,DEVESH CHANDRA THAKUR,SITAMARHI,163809205.11,General,16809205.110000014,11.43,₹14.7-20 Cr (Moderately High)
125.0,Uttar Pradesh,DEVESH SHAKYA,ETAH,147000000.0,General,0.0,0.0,₹14.7 Cr (Standard)
126.0,Gujarat,Devusinh Jesingbhai Chauhan,KHEDA,147000000.0,General,0.0,0.0,₹14.7 Cr (Standard)
127.0,Maharashtra,Dhairyasheel Sambhajirao Mane,HATKANANGLE,147000000.0,General,0.0,0.0,₹14.7 Cr (Standard)
128.0,Maharashtra,DHANORKAR PRATIBHA SURESH ALIAS BALUBHAU,CHANDRAPUR,147000000.0,General,0.0,0.0,₹14.7 Cr (Standard)
129.0,Odisha,DHARMENDRA PRADHAN,SAMBALPUR,147000000.0,General,0.0,0.0,₹14.7 Cr (Standard)
130.0,Uttar Pradesh,DHARMENDRA YADAV,AZAMGARH,147000000.0,General,0.0,0.0,₹14.7 Cr (Standard)
131.0,Gujarat,DHAVAL LAXMANBHAI PATEL,VALSAD(ST),147000000.0,ST,0.0,0.0,₹14.7 Cr (Standard)
132.0,Bihar,Dileshwar Kamait,SUPAUL,150450930.89,General,3450930.8899999857,2.35,₹14.7-20 Cr (Moderately High)
133.0,Assam,Dilip Saikia,Darrang-Udalguri,147000000.0,General,0.0,0.0,₹14.7 Cr (Standard)
134.0,Bihar,Dinesh Chandra Yadav,MADHEPURA,150070866.11,General,3070866.1100000143,2.09,₹14.7-20 Cr (Moderately High)
135.0,Gujarat,DINESHBHAI MAKWANA,AHMEDABAD WEST(SC),160434965.11,SC,13434965.110000014,9.14,₹14.7-20 Cr (Moderately High)
136.0,Andhra Pradesh,DR BYREDDY SHABARI,NANDYAL,150675889.11,General,3675889.1100000143,2.5,₹14.7-20 Cr (Moderately High)
137.0,Karnataka,DR C N MANJUNATH,BANGALORE RURAL,147000000.0,General,0.0,0.0,₹14.7 Cr (Standard)
138.0,Andhra Pradesh,Dr Chandra Sekhar Pemmasani,GUNTUR,159774113.11,General,12774113.110000014,8.69,₹14.7-20 Cr (Moderately High)
139.0,Punjab,DR DHARAMVIRA GANDHI,PATIALA,147000000.0,General,0.0,0.0,₹14.7 Cr (Standard)
140.0,West Bengal,Dr Jayanta Kumar Roy,JALPAIGURI(SC),147000000.0,SC,0.0,0.0,₹14.7 Cr (Standard)
141.0,Maharashtra,DR KALGE SHIVAJI BANDAPPA,LATUR(SC),147000000.0,SC,0.0,0.0,₹14.7 Cr (Standard)
142.0,Bihar,Dr Mohammad Jawed,KISHANGANJ,148669229.11,General,1669229.1100000143,1.14,₹14.7-20 Cr (Moderately High)
143.0,Uttar Pradesh,DR RAJKUMAR SANGWAN,BAGHPAT,147000000.0,General,0.0,0.0,₹14.7 Cr (Standard)
144.0,Tamil Nadu,DR RANI SRI KUMAR,TENKASI(SC),153060922.82,SC,6060922.819999993,4.12,₹14.7-20 Cr (Moderately High)
145.0,Kerala,Dr Shashi Tharoor,THIRUVANANTHAPURAM,147000000.0,General,0.0,0.0,₹14.7 Cr (Standard)
146.0,West Bengal,Dr Sukanta Majumdar,BALURGHAT,157085364.9,General,10085364.900000006,6.86,₹14.7-20 Cr (Moderately High)
147.0,Gujarat,DR. HEMANG JOSHI,VADODARA,147000000.0,General,0.0,0.0,₹14.7 Cr (Standard)
148.0,Maharashtra,DR. HEMANT VISHNU SAVARA,PALGHAR(ST),147000000.0,ST,0.0,0.0,₹14.7 Cr (Standard)
149.0,Maharashtra,DR. KIRSAN NAMDEO,GADCHIROLI-CHIMUR(ST),147000000.0,ST,0.0,0.0,₹14.7 Cr (Standard)
150.0,Madhya Pradesh,DR. LATA WANKHEDE,SAGAR,147000000.0,General,0.0,0.0,₹14.7 Cr (Standard)
151.0,Kerala,DR. M.P ABDUSSAMAD SAMADANI,PONNANI,170434031.11,General,23434031.110000014,15.94,₹14.7-20 Cr (Moderately High)
152.0,Gujarat,DR. MANSUKH MANDAVIYA,PORBANDAR,147000000.0,General,0.0,0.0,₹14.7 Cr (Standard)
153.0,Karnataka,DR. PRABHA MALLIKARJUN,DAVANAGERE,147000000.0,General,0.0,0.0,₹14.7 Cr (Standard)
154.0,Odisha,DR. PRADEEP KUMAR PANIGRAHY,BERHAMPUR,147000000.0,General,0.0,0.0,₹14.7 Cr (Standard)
155.0,Maharashtra,DR. PRASHANT YADAORAO PADOLE,BHANDARA-GONDIYA,159680283.39,General,12680283.389999986,8.63,₹14.7-20 Cr (Moderately High)
156.0,Punjab,DR. RAJ KUMAR CHABBEWAL,HOSHIARPUR(SC),147000000.0,SC,0.0,0.0,₹14.7 Cr (Standard)
157.0,Madhya Pradesh,DR. RAJESH MISHRA,SIDHI,262724510.35,General,115724510.35,78.72,> ₹25 Cr (Very High)
158.0,Uttar Pradesh,DR. S P SINGH,PRATAPGARH,147000000.0,General,0.0,0.0,₹14.7 Cr (Standard)
159.0,West Bengal,DR. SHARMILA SARKAR,BARDHAMAN PURBA(SC),147000000.0,SC,0.0,0.0,₹14.7 Cr (Standard)
160.0,Karnataka,DR.K.SUDHAKAR,CHIKBALLAPUR,147000000.0,General,0.0,0.0,₹14.7 Cr (Standard)
161.0,Telangana,DR.MALLU RAVI,NAGARKURNOOL(SC),147000000.0,SC,0.0,0.0,₹14.7 Cr (Standard)
162.0,Jharkhand,DULU MAHATO,DHANBAD,147000000.0,General,0.0,0.0,₹14.7 Cr (Standard)
163.0,Tamil Nadu,DURAI VAIKO,TIRUCHIRAPPALLI,147000000.0,General,0.0,0.0,₹14.7 Cr (Standard)
164.0,Madhya Pradesh,Durga Das Uikey,BETUL(ST),151569502.91,ST,4569502.909999996,3.11,₹14.7-20 Cr (Moderately High)
165.0,Rajasthan,Dushyant Singh,JHALAWAR-BARAN,147000000.0,General,0.0,0.0,₹14.7 Cr (Standard)
166.0,Karnataka,E. TUKARAM,BELLARY(ST),147000000.0,ST,0.0,0.0,₹14.7 Cr (Standard)
167.0,Kerala,E.T. MOHAMMED BASHEER,MALAPPURAM,163895872.11,General,16895872.110000014,11.49,₹14.7-20 Cr (Moderately High)
168.0,Telangana,EATALA RAJENDER,MALKAJGIRI,327477390.86,General,180477390.86,122.77,> ₹25 Cr (Very High)
169.0,Tamil Nadu,ESWARASAMY K,POLLACHI,162315106.11,General,15315106.110000014,10.42,₹14.7-20 Cr (Moderately High)
170.0,Madhya Pradesh,Faggan Singh Kulaste,MANDLA(ST),151861648.41,ST,4861648.409999996,3.31,₹14.7-20 Cr (Moderately High)
171.0,Karnataka,G. KUMAR NAIK,RAICHUR(ST),147000000.0,ST,0.0,0.0,₹14.7 Cr (Standard)
172.0,Maharashtra,GAIKWAD VARSHA EKNATH,MUMBAI NORTH-CENTRAL,147000000.0,General,0.0,0.0,₹14.7 Cr (Standard)
173.0,Madhya Pradesh,Gajendra Singh Patel,KHARGONE(ST),147000000.0,ST,0.0,0.0,₹14.7 Cr (Standard)
174.0,Rajasthan,Gajendra Singh Shekhawat,JODHPUR,147000000.0,General,0.0,0.0,₹14.7 Cr (Standard)
175.0,Tamil Nadu,GANAPATHY RAJKUMAR P,COIMBATORE,147370490.11,General,370490.1100000143,0.25,₹14.7-20 Cr (Moderately High)
176.0,Tamil Nadu,Ganesan Selvam,KANCHEEPURAM(SC),186508749.11,SC,39508749.110000014,26.88,₹14.7-20 Cr (Moderately High)
177.0,Madhya Pradesh,Ganesh Singh,SATNA,147000000.0,General,0.0,0.0,₹14.7 Cr (Standard)
178.0,Assam,GAURAV GOGOI,JORHAT,147000000.0,General,0.0,0.0,₹14.7 Cr (Standard)
179.0,Gujarat,GENIBEN NAGAJI THAKOR,BANASKANTHA,147000000.0,General,0.0,0.0,₹14.7 Cr (Standard)
180.0,Bihar,Giridhari Yadav,BANKA,147000000.0,General,0.0,0.0,₹14.7 Cr (Standard)
181.0,Bihar,Giriraj Singh,BEGUSARAI,147000000.0,General,0.0,0.0,₹14.7 Cr (Standard)
182.0,Andhra Pradesh,GM Harish Balayogi,AMALAPURAM(SC),147000000.0,SC,0.0,0.0,₹14.7 Cr (Standard)
183.0,Telangana,GODAM NAGESH,ADILABAD(ST),147000000.0,ST,0.0,0.0,₹14.7 Cr (Standard)
184.0,Tamil Nadu,GOPINATH K,KRISHNAGIRI,147000000.0,General,0.0,0.0,₹14.7 Cr (Standard)
185.0,Karnataka,GOVIND MAKTHAPPA KARJOL,CHITRADURGA(SC),147000000.0,SC,0.0,0.0,₹14.7 Cr (Standard)
186.0,Andhra Pradesh,Gumma Thanuja Rani,ARAKU(ST),149458905.11,ST,2458905.1100000143,1.67,₹14.7-20 Cr (Moderately High)
187.0,Punjab,GURMEET SINGH MEET HAYER,SANGRUR,147000000.0,General,0.0,0.0,₹14.7 Cr (Standard)
188.0,Madhya Pradesh,Gyaneshwar Patil,KHANDWA,155690684.77,General,8690684.77000001,5.91,₹14.7-20 Cr (Moderately High)
189.0,Karnataka,H.D. KUMARASWAMY,MANDYA,147000000.0,General,0.0,0.0,₹14.7 Cr (Standard)
190.0,Uttar Pradesh,HARENDRA SINGH MALIK,MUZAFFARNAGAR,147000000.0,General,0.0,0.0,₹14.7 Cr (Standard)
191.0,Gujarat,HARIBHAI PATEL,MAHESANA,147000000.0,General,0.0,0.0,₹14.7 Cr (Standard)
192.0,Rajasthan,HARISH CHANDRA MEENA,TONK-SAWAI MADHOPUR,147000000.0,General,0.0,0.0,₹14.7 Cr (Standard)
193.0,Delhi,Harsh Malhotra,EAST DELHI,147134131.0,General,134131.0,0.09,₹14.7-20 Cr (Moderately High)
194.0,Gujarat,Hasmukh Bhai Soma Bhai Patel,AHMEDABAD EAST,147000000.0,General,0.0,0.0,₹14.7 Cr (Standard)
195.0,Uttar Pradesh,IMRAN MASOOD,SAHARANPUR,147000000.0,General,0.0,0.0,₹14.7 Cr (Standard)
196.0,Sikkim,Indra Hang Subba,SIKKIM,152003923.11,General,5003923.110000014,3.4,₹14.7-20 Cr (Moderately High)
197.0,Uttar Pradesh,IQRA CHOUDHARY,KAIRANA,147000000.0,General,0.0,0.0,₹14.7 Cr (Standard)
198.0,West Bengal,ISHA KHAN CHOUDHURY,MALDAHA DAKSHIN,147000000.0,General,0.0,0.0,₹14.7 Cr (Standard)
199.0,West Bengal,JAGADISH CHANDRA BARMA BASUNIA,COOCHBEHAR(SC),168604641.11,SC,21604641.110000014,14.7,₹14.7-20 Cr (Moderately High)
200.0,Karnataka,JAGADISH SHETTAR,BELGAUM,147000000.0,General,0.0,0.0,₹14.7 Cr (Standard)
201.0,West Bengal,Jagannath Sarkar,RANAGHAT(SC),147000000.0,SC,0.0,0.0,₹14.7 Cr (Standard)
202.0,Uttar Pradesh,Jagdambika Pal,DOMARIYAGANJ,160643957.11,General,13643957.110000014,9.28,₹14.7-20 Cr (Moderately High)
203.0,Haryana,JAI PARKASH,HISAR,147000000.0,General,0.0,0.0,₹14.7 Cr (Standard)
204.0,Uttar Pradesh,Jai Prakash,HARDOI (SC),147000000.0,SC,0.0,0.0,₹14.7 Cr (Standard)
205.0,Madhya Pradesh,Janardan Mishra,REWA,147000000.0,General,0.0,0.0,₹14.7 Cr (Standard)
206.0,Gujarat,JASHUBHAI BHILUBHAI RATHVA,CHHOTA UDAIPUR(ST),147000000.0,ST,0.0,0.0,₹14.7 Cr (Standard)
207.0,Gujarat,Jaswantsinh Sumanbhai Bhabhor,DAHOD(ST),147000000.0,ST,0.0,0.0,₹14.7 Cr (Standard)
208.0,Bihar,JITAN RAM MANJHI,GAYA (SC),147000000.0,SC,0.0,0.0,₹14.7 Cr (Standard)
209.0,Uttar Pradesh,JITENDRA KUMAR DOHARE,ETAWAH(SC),188747306.26,SC,41747306.25999999,28.4,₹14.7-20 Cr (Moderately High)
210.0,Jammu And Kashmir,Jitendra Singh,UDHAMPUR,147000000.0,General,0.0,0.0,₹14.7 Cr (Standard)
211.0,Uttar Pradesh,JITIN PRASADA,PILIBHIT,147000000.0,General,0.0,0.0,₹14.7 Cr (Standard)
212.0,Jharkhand,JOBA MAJHI,SINGHBHUM(ST),147000000.0,ST,0.0,0.0,₹14.7 Cr (Standard)
213.0,Assam,JOYANTA BASUMATARY,KOKRAJHAR (ST),147000000.0,ST,0.0,0.0,₹14.7 Cr (Standard)
214.0,West Bengal,JUNE MALIAH,MEDINIPUR,147000000.0,General,0.0,0.0,₹14.7 Cr (Standard)
215.0,Madhya Pradesh,JYOTIRADITYA M. SCINDIA,GUNA,147000000.0,General,0.0,0.0,₹14.7 Cr (Standard)
216.0,Chhattisgarh,Jyotsna Charandas Mahant,KORBA,155153738.11,General,8153738.110000014,5.55,₹14.7-20 Cr (Moderately High)
217.0,Tamil Nadu,K E PRAKASH,ERODE,147000000.0,General,0.0,0.0,₹14.7 Cr (Standard)
218.0,Kerala,K RADHAKRISHNAN,ALATHUR(SC),147000000.0,SC,0.0,0.0,₹14.7 Cr (Standard)
219.0,Tamil Nadu,K Subbarayan,TIRUPPUR,147000000.0,General,0.0,0.0,₹14.7 Cr (Standard)
220.0,Kerala,K. C VENUGOPAL,ALAPPUZHA,147000000.0,General,0.0,0.0,₹14.7 Cr (Standard)
221.0,Karnataka,K. RAJASHEKAR BASAVARAJ HITNAL,KOPPAL,147000000.0,General,0.0,0.0,₹14.7 Cr (Standard)
222.0,Telangana,KADIYAM KAVYA,WARANGEL(SC),147000000.0,SC,0.0,0.0,₹14.7 Cr (Standard)
223.0,West Bengal,Kakoli Ghosh Dastidar,BARASAT,147000000.0,General,0.0,0.0,₹14.7 Cr (Standard)
224.0,The Dadra And Nagar Haveli And Daman And Diu,Kalaben Mohanbhai Delkar,DADRA & NAGAR HAVELI (ST),147000000.0,ST,0.0,0.0,₹14.7 Cr (Standard)
225.0,Tamil Nadu,Kalanidhi Veeraswamy,CHENNAI NORTH,171500000.0,General,24500000.0,16.67,₹14.7-20 Cr (Moderately High)
226.0,Jharkhand,KALI CHARAN MUNDA,KHUNTI(ST),147000000.0,ST,0.0,0.0,₹14.7 Cr (Standard)
227.0,Jharkhand,KALI CHARAN SINGH,CHATRA,147000000.0,General,0.0,0.0,₹14.7 Cr (Standard)
228.0,West Bengal,KALIPADA SAREN,JHARGRAM(ST),147000000.0,ST,0.0,0.0,₹14.7 Cr (Standard)
229.0,West Bengal,Kalyan Banerjee,SREERAMPUR,147000000.0,General,0.0,0.0,₹14.7 Cr (Standard)
230.0,Maharashtra,KALYAN VAIJINATHRAO KALE,JALNA,147000000.0,General,0.0,0.0,₹14.7 Cr (Standard)
231.0,Assam,KAMAKHYA PRASAD TASA,Kaziranga,147000000.0,General,0.0,0.0,₹14.7 Cr (Standard)
232.0,Delhi,Kamaljeet Sehrawat,WEST DELHI,147000000.0,General,0.0,0.0,₹14.7 Cr (Standard)
233.0,Chhattisgarh,KAMLESH JANGDE,JANJGIR CHAMPA(SC),150384382.11,SC,3384382.1100000143,2.3,₹14.7-20 Cr (Moderately High)
234.0,Uttar Pradesh,Kamlesh Paswan,BANSGAON(SC),147000000.0,SC,0.0,0.0,₹14.7 Cr (Standard)
235.0,Himachal Pradesh,Kangana Ranaut,MANDI,147000000.0,General,0.0,0.0,₹14.7 Cr (Standard)
236.0,Tamil Nadu,Kani K Navas,RAMANATHAPURAM,147000000.0,General,0.0,0.0,₹14.7 Cr (Standard)
237.0,Tamil Nadu,Kanimozhi Karunanidhi,THOOTHUKKUDI,147000000.0,General,0.0,0.0,₹14.7 Cr (Standard)
238.0,Uttar Pradesh,KANWAR SINGH TANWAR,AMROHA,147000000.0,General,0.0,0.0,₹14.7 Cr (Standard)
239.0,Uttar Pradesh,KARAN BHUSHAN SINGH,KAISERGANJ,147000000.0,General,0.0,0.0,₹14.7 Cr (Standard)
240.0,West Bengal,KARTICK CHANDRA PAUL,RAIGANJ,202677986.56,General,55677986.56,37.88,₹20-25 Cr (High)
241.0,Bihar,Kaushalendra Kumar,NALANDA,147000000.0,General,0.0,0.0,₹14.7 Cr (Standard)
242.0,West Bengal,Khagen Murmu,MALDAHA UTTAR,147000000.0,General,0.0,0.0,₹14.7 Cr (Standard)
243.0,West Bengal,Khalilur Rahaman,JANGIPUR,147000000.0,General,0.0,0.0,₹14.7 Cr (Standard)
244.0,Andhra Pradesh,Kinjarapu Ram Mohan Naidu,SRIKAKULAM,171200630.11,General,24200630.110000014,16.46,₹14.7-20 Cr (Moderately High)
245.0,Arunachal Pradesh,Kiren Rijiju,ARUNACHAL WEST,147000000.0,General,0.0,0.0,₹14.7 Cr (Standard)
246.0,Uttar Pradesh,Kirti Vardhan Singh,GONDA,147000000.0,General,0.0,0.0,₹14.7 Cr (Standard)
247.0,Telangana,Kishan Reddy Gangapuram,SECUNDERABAD,147000000.0,General,0.0,0.0,₹14.7 Cr (Standard)
248.0,Uttar Pradesh,KISHORI LAL,AMETHI,171500000.0,General,24500000.0,16.67,₹14.7-20 Cr (Moderately High)
249.0,Telangana,KONDA VISHWESHWAR REDDY,CHELVELLA,233721420.96,General,86721420.96000001,58.99,₹20-25 Cr (High)
250.0,Karnataka,KOTA SRINIVAS POOJARY,UDUPI CHIKMAGALUR,147000000.0,General,0.0,0.0,₹14.7 Cr (Standard)
251.0,Assam,Kripanath Mallah,KARIMGANJ (SC),147000000.0,SC,0.0,0.0,₹14.7 Cr (Standard)
252.0,Haryana,Krishan Pal Gurjar,FARIDABAD,147000000.0,General,0.0,0.0,₹14.7 Cr (Standard)
253.0,Uttar Pradesh,KRISHNA DEVI SHIVSHANKER PATEL,BANDA,147000000.0,General,0.0,0.0,₹14.7 Cr (Standard)
254.0,Andhra Pradesh,Krishna Prasad Tenneti,BAPATLA,167796849.11,General,20796849.110000014,14.15,₹14.7-20 Cr (Moderately High)
255.0,Tripura,KRITI DEVI DEBBARMAN,TRIPURA EAST(ST),147000000.0,ST,0.0,0.0,₹14.7 Cr (Standard)
256.0,Rajasthan,KULDEEP INDORA,GANGANAGAR(SC),147000000.0,SC,0.0,0.0,₹14.7 Cr (Standard)
257.0,Telangana,KUNDURU RAGHUVEER,NALGONDA,162952022.0,General,15952022.0,10.85,₹14.7-20 Cr (Moderately High)
258.0,Uttar Pradesh,LALJI VERMA,AMBEDKAR NAGAR,147000000.0,General,0.0,0.0,₹14.7 Cr (Standard)
259.0,Andhra Pradesh,Lavu Sri Krishna Devarayalu,NARASARAOPET,174009663.11,General,27009663.110000014,18.37,₹14.7-20 Cr (Moderately High)
260.0,Uttar Pradesh,LAXMIKANT PAPPU NISHAD,SANT KABIR NAGAR,147000000.0,General,0.0,0.0,₹14.7 Cr (Standard)
261.0,Bihar,LOVELY ANAND,SHEOHAR,147000000.0,General,0.0,0.0,₹14.7 Cr (Standard)
262.0,Rajasthan,LUMBARAM,JALORE,147000000.0,General,0.0,0.0,₹14.7 Cr (Standard)
263.0,Karnataka,M. MALLESH BABU,KOLAR(SC),147065957.11,SC,65957.1100000143,0.04,₹14.7-20 Cr (Moderately High)
264.0,Tamil Nadu,M.K. VISHNUPRASAD,CUDDALORE,147000000.0,General,0.0,0.0,₹14.7 Cr (Standard)
265.0,Andhra Pradesh,Maddila Gurumoorthy,TIRUPATI(SC),180399007.0,SC,33399007.0,22.72,₹14.7-20 Cr (Moderately High)
266.0,Telangana,MADHAVANENI RAGHUNANDAN RAO,MEDAK,147000000.0,General,0.0,0.0,₹14.7 Cr (Standard)
267.0,Andhra Pradesh,Magunta Sreenivasulu Reddy,ONGOLE,147000000.0,General,0.0,0.0,₹14.7 Cr (Standard)
268.0,Madhya Pradesh,Mahendra Singh Solanky,DEWAS(SC),147000000.0,SC,0.0,0.0,₹14.7 Cr (Standard)
269.0,Chhattisgarh,MAHESH KASHYAP,BASTAR(ST),147000000.0,ST,0.0,0.0,₹14.7 Cr (Standard)
270.0,Uttar Pradesh,Mahesh Sharma,GAUTAM BUDDHA NAGAR,148816284.11,General,1816284.1100000143,1.24,₹14.7-20 Cr (Moderately High)
271.0,Rajasthan,MAHIMA KUMARI MEWAR,RAJSAMAND,183892143.0,General,36892143.0,25.1,₹14.7-20 Cr (Moderately High)
272.0,Uttarakhand,Mala Rajya Laxmi Shah,TEHRI GARHWAL,147000000.0,General,0.0,0.0,₹14.7 Cr (Standard)
273.0,West Bengal,Mala Roy,KOLKATA DAKSHIN,147000000.0,General,0.0,0.0,₹14.7 Cr (Standard)
274.0,Tamil Nadu,MALAIYARASAN D,KALLAKURICHI,201599593.0,General,54599593.0,37.14,₹20-25 Cr (High)
275.0,Odisha,MALVIKA DEVI,KALAHANDI,147000000.0,General,0.0,0.0,₹14.7 Cr (Standard)
276.0,Punjab,MALVINDER SINGH KANG,ANANDPUR SAHIB,147000000.0,General,0.0,0.0,₹14.7 Cr (Standard)
277.0,Tamil Nadu,MANI. A.,DHARAMAPURI,164515071.11,General,17515071.110000014,11.92,₹14.7-20 Cr (Moderately High)
278.0,Tamil Nadu,Manickam Tagore B,VIRUDHUNAGAR,147000000.0,General,0.0,0.0,₹14.7 Cr (Standard)
279.0,Jharkhand,MANISH JAISWAL,HAZARIBAGH,147000000.0,General,0.0,0.0,₹14.7 Cr (Standard)
280.0,Chandigarh,MANISH TEWARI,CHANDIGARH,178351443.75,General,31351443.75,21.33,₹14.7-20 Cr (Moderately High)
281.0,Rajasthan,MANJU SHARMA,JAIPUR,167082901.11,General,20082901.110000014,13.66,₹14.7-20 Cr (Moderately High)
282.0,Rajasthan,MANNA LAL RAWAT,UDAIPUR(ST),147000000.0,ST,0.0,0.0,₹14.7 Cr (Standard)
283.0,Haryana,MANOHAR LAL,KARNAL,147000000.0,General,0.0,0.0,₹14.7 Cr (Standard)
284.0,Bihar,MANOJ KUMAR,SASARAM(SC),147000000.0,SC,0.0,0.0,₹14.7 Cr (Standard)
285.0,West Bengal,MANOJ TIGGA,ALIPURDUARS(ST),147000000.0,ST,0.0,0.0,₹14.7 Cr (Standard)
286.0,Delhi,Manoj Tiwari,NORTH EAST DELHI,225843858.0,General,78843858.0,53.64,₹20-25 Cr (High)
287.0,Gujarat,Mansukhbhai Dhanjibhai Vasava,BHARUCH,147000000.0,General,0.0,0.0,₹14.7 Cr (Standard)
288.0,Jammu And Kashmir,MIAN ALTAF AHMAD,ANANTNAG,147000000.0,General,0.0,0.0,₹14.7 Cr (Standard)
289.0,Andhra Pradesh,Midhun Reddy,RAJAMPET,178951477.11,General,31951477.110000014,21.74,₹14.7-20 Cr (Moderately High)
290.0,Bihar,MISHA BHARTI,PATALIPUTRA,147000000.0,General,0.0,0.0,₹14.7 Cr (Standard)
291.0,Gujarat,Mitesh Rameshbhai Bakabhai Patel,ANAND,147000000.0,General,0.0,0.0,₹14.7 Cr (Standard)
292.0,Ladakh,Mohamed Haneefa,LADAKH,161114542.0,General,14114542.0,9.6,₹14.7-20 Cr (Moderately High)
293.0,Uttar Pradesh,MOHIBBULLAH,RAMPUR,147000000.0,General,0.0,0.0,₹14.7 Cr (Standard)
294.0,Maharashtra,MOHITE PATIL DHAIRYASHEEL RAJSINH,MADHA,195613601.7,General,48613601.69999999,33.07,₹14.7-20 Cr (Moderately High)
295.0,Bihar,Mr Gopal Jee Thakur,DARBHANGA,147000000.0,General,0.0,0.0,₹14.7 Cr (Standard)
296.0,West Bengal,Ms Mahua Moitra,KRISHNANAGAR,159865046.0,General,12865046.0,8.75,₹14.7-20 Cr (Moderately High)
297.0,Lakshadweep,MUHAMMED HAMDULLAH SAYEED,LAKSHADWEEP(ST),153942460.41,ST,6942460.409999996,4.72,₹14.7-20 Cr (Moderately High)
298.0,Uttar Pradesh,Mukesh Rajput,FARRUKHABAD,147000000.0,General,0.0,0.0,₹14.7 Cr (Standard)
299.0,Gujarat,MUKESHKUMAR CHANDRAKAANT DALAL,SURAT,147000000.0,General,0.0,0.0,₹14.7 Cr (Standard)
300.0,Rajasthan,MURARI LAL MEENA,DAUSA(ST),147000000.0,ST,0.0,0.0,₹14.7 Cr (Standard)
301.0,Tamil Nadu,MURASOLI S,THANJAVUR,147000000.0,General,0.0,0.0,₹14.7 Cr (Standard)
302.0,Maharashtra,MURLIDHAR MOHOL,PUNE,147000000.0,General,0.0,0.0,₹14.7 Cr (Standard)
303.0,Odisha,NABA CHARAN MAJHI,MAYURBHANJ (ST),147563957.11,ST,563957.1100000143,0.38,₹14.7-20 Cr (Moderately High)
304.0,Jharkhand,NALIN SOREN,DUMKA(ST),147364097.11,ST,364097.1100000143,0.25,₹14.7-20 Cr (Moderately High)
305.0,Uttar Pradesh,NARAYAN DAS AHIRWAR,JALAUN(SC),147000000.0,SC,0.0,0.0,₹14.7 Cr (Standard)
306.0,Maharashtra,NARAYAN TATU RANE,RATNAGIRI-SINDHUDURG,147000000.0,General,0.0,0.0,₹14.7 Cr (Standard)
307.0,Uttar Pradesh,NARESH CHANDRA UTTAM PATEL,FATEHPUR,147000000.0,General,0.0,0.0,₹14.7 Cr (Standard)
308.0,Maharashtra,NARESH GANPAT MHASKE,THANE,147000000.0,General,0.0,0.0,₹14.7 Cr (Standard)
309.0,Haryana,NAVEEN JINDAL,KURUKSHETRA,147000000.0,General,0.0,0.0,₹14.7 Cr (Standard)
310.0,Uttar Pradesh,NEERAJ MAURYA,AONLA,147000000.0,General,0.0,0.0,₹14.7 Cr (Standard)
311.0,Maharashtra,NILESH DNYANDEV LANKE,AHMEDNAGAR,147000000.0,General,0.0,0.0,₹14.7 Cr (Standard)
312.0,Gujarat,NIMUBEN JAYANTIBHAI BAMBHANIYA,BHAVNAGAR,147000000.0,General,0.0,0.0,₹14.7 Cr (Standard)
313.0,Jharkhand,Nishikant Dubey,GODDA,147000000.0,General,0.0,0.0,₹14.7 Cr (Standard)
314.0,Maharashtra,Nitin Jairam Gadkari,NAGPUR,168195086.11,General,21195086.110000014,14.42,₹14.7-20 Cr (Moderately High)
315.0,Bihar,Nityanand Rai,UJJARPUR,147000000.0,General,0.0,0.0,₹14.7 Cr (Standard)
316.0,Rajasthan,Om Birla,KOTA,163906956.6,General,16906956.599999994,11.5,₹14.7-20 Cr (Moderately High)
317.0,Maharashtra,Omprakash Bhupalsinh Alias Pawan Rajenimbalkar,OSMANABAD,184758519.11,General,37758519.110000014,25.69,₹14.7-20 Cr (Moderately High)
318.0,Karnataka,P C Mohan,BANGALORE CENTRAL,159995711.11,General,12995711.110000014,8.84,₹14.7-20 Cr (Moderately High)
319.0,Uttar Pradesh,Pankaj Chowdhary,MAHARAJGANJ_UP,147000000.0,General,0.0,0.0,₹14.7 Cr (Standard)
320.0,Assam,PARIMAL SUKLABAIDYA,SILCHAR,148300157.11,General,1300157.1100000143,0.88,₹14.7-20 Cr (Moderately High)
321.0,Gujarat,PARSHOTTAMBHAI RUPALA,RAJKOT,147000000.0,General,0.0,0.0,₹14.7 Cr (Standard)
322.0,West Bengal,PARTHA BHOWMICK,BARRACKPUR,147000000.0,General,0.0,0.0,₹14.7 Cr (Standard)
323.0,Karnataka,Parvatagouda Chandanagouda Gaddigoudar,BAGALKOT,167541747.11,General,20541747.110000014,13.97,₹14.7-20 Cr (Moderately High)
324.0,The Dadra And Nagar Haveli And Daman And Diu,PATEL UMESHBHAI BABUBHAI,DAMAN and DIU,245063957.0,General,98063957.0,66.71,₹20-25 Cr (High)
325.0,West Bengal,PATHAN YUSUF,BAHARAMPUR,147000000.0,General,0.0,0.0,₹14.7 Cr (Standard)
326.0,Assam,PHANI BHUSAN CHOUDHURY,BARPETA,147000000.0,General,0.0,0.0,₹14.7 Cr (Standard)
327.0,Maharashtra,Piyush Vedprakash Goyal,MUMBAI NORTH,147000000.0,General,0.0,0.0,₹14.7 Cr (Standard)
328.0,Andhra Pradesh,PRABHAKAR REDDY VEMIREDDY,NELLORE(SC),147000000.0,SC,0.0,0.0,₹14.7 Cr (Standard)
329.0,Gujarat,Prabhubhai Nagarbhai Vasava,BARDOLI(ST),147000000.0,ST,0.0,0.0,₹14.7 Cr (Standard)
330.0,Assam,Pradan Baruah,LAKHIMPUR,147000000.0,General,0.0,0.0,₹14.7 Cr (Standard)
331.0,Bihar,Pradeep Kumar Singh,ARARIA,147000000.0,General,0.0,0.0,₹14.7 Cr (Standard)
332.0,Odisha,PRADEEP PUROHIT,BARGARH,147000000.0,General,0.0,0.0,₹14.7 Cr (Standard)
333.0,Assam,Pradyut Bordoloi,NOWGONG,98000000.0,General,-49000000.0,-33.33,< ₹10 Cr (Severely Low)
334.0,Karnataka,Pralhad Venkatesh Joshi,DHARWAD,147000000.0,General,0.0,0.0,₹14.7 Cr (Standard)
335.0,Maharashtra,PRANITI SUSHILKUMAR SHINDE,SOLAPUR(SC),147000000.0,SC,0.0,0.0,₹14.7 Cr (Standard)
336.0,West Bengal,Prasun Banerjee,HOWRAH,147000000.0,General,0.0,0.0,₹14.7 Cr (Standard)
337.0,Odisha,Pratap Chandra Sarangi,BALASORE,147064254.11,General,64254.110000014305,0.04,₹14.7-20 Cr (Moderately High)
338.0,Maharashtra,Prataprao Jadhav,BULDHANA,147000000.0,General,0.0,0.0,₹14.7 Cr (Standard)
339.0,West Bengal,Pratima Mondal,JOYNAGAR(SC),147000000.0,SC,0.0,0.0,₹14.7 Cr (Standard)
340.0,Delhi,Praveen Khandelwal,CHANDINI CHOWK,147470276.0,General,470276.0,0.32,₹14.7-20 Cr (Moderately High)
341.0,Uttar Pradesh,PRAVEEN PATEL,PHULPUR,151559884.09,General,4559884.090000004,3.1,₹14.7-20 Cr (Moderately High)
342.0,Uttar Pradesh,PRIYA SAROJ,MACHHLISHAHR(SC),147000000.0,SC,0.0,0.0,₹14.7 Cr (Standard)
343.0,Kerala,Priyanka Gandhi Vadra,WAYANAD,122500000.0,General,-24500000.0,-16.67,₹10-14.7 Cr (Below Standard)
344.0,Karnataka,PRIYANKA SATISH JARKIHOLI,CHIKKODI,147000000.0,General,0.0,0.0,₹14.7 Cr (Standard)
345.0,West Bengal,Prof Sougata Ray,DUM DUM,147000000.0,General,0.0,0.0,₹14.7 Cr (Standard)
346.0,Uttar Pradesh,Prof SP Singh Baghel,AGRA(SC),147000000.0,SC,0.0,0.0,₹14.7 Cr (Standard)
347.0,Uttar Pradesh,PUSHPENDRA SAROJ,KAUSHAMBI(SC),147000000.0,SC,0.0,0.0,₹14.7 Cr (Standard)
348.0,Andhra Pradesh,Putta Mahesh Kumar,ELURU,147000000.0,General,0.0,0.0,₹14.7 Cr (Standard)
349.0,Uttar Pradesh,R.K. CHAUDHARY,MOHANLALGANJ(SC),147000000.0,SC,0.0,0.0,₹14.7 Cr (Standard)
350.0,Odisha,RABINDRA NARAYAN BEHERA,JAJPUR(SC),147064617.11,SC,64617.110000014305,0.04,₹14.7-20 Cr (Moderately High)
351.0,West Bengal,RACHNA BANERJEE,HOOGHLY,147000000.0,General,0.0,0.0,₹14.7 Cr (Standard)
352.0,Bihar,Radha Mohan Singh,PURVI CHAMPARAN,147000000.0,General,0.0,0.0,₹14.7 Cr (Standard)
353.0,Karnataka,RADHAKRISHNA,GULBARGA(SC),147000000.0,SC,0.0,0.0,₹14.7 Cr (Standard)
354.0,Chhattisgarh,RADHE SHYAM RATHIYA,RAIGARH(ST),159706972.09,ST,12706972.090000004,8.64,₹14.7-20 Cr (Moderately High)
355.0,Uttar Pradesh,RAHUL GANDHI,RAE BARELI,147000000.0,General,0.0,0.0,₹14.7 Cr (Standard)
356.0,Rajasthan,Rahul Kaswan,CHURU,147000000.0,General,0.0,0.0,₹14.7 Cr (Standard)
357.0,Madhya Pradesh,RAHUL SINGH LODHI,DAMOH,163058785.37,General,16058785.370000005,10.92,₹14.7-20 Cr (Moderately High)
358.0,Bihar,RAJ BHUSHAN CHOUDHARY,MUZAFFARPUR,147000000.0,General,0.0,0.0,₹14.7 Cr (Standard)
359.0,Rajasthan,RAJ KUMAR ROAT,BANSWARA(ST),147000000.0,ST,0.0,0.0,₹14.7 Cr (Standard)
360.0,Bihar,RAJA RAM SINGH,KARAKAT,147000000.0,General,0.0,0.0,₹14.7 Cr (Standard)
361.0,Maharashtra,RAJABHAU,NASHIK,152878682.11,General,5878682.110000014,4.0,₹14.7-20 Cr (Moderately High)
362.0,Himachal Pradesh,RAJEEV BHARDWAJ,KANGRA,179388967.11,General,32388967.110000014,22.03,₹14.7-20 Cr (Moderately High)
363.0,Uttar Pradesh,RAJEEV RAI,GHOSI,147000000.0,General,0.0,0.0,₹14.7 Cr (Standard)
364.0,Bihar,RAJESH RANJAN ALIAS PAPPU YADAV,PURNEA,147000000.0,General,0.0,0.0,₹14.7 Cr (Standard)
365.0,Bihar,RAJESH VERMA,KHAGARIA,147000000.0,General,0.0,0.0,₹14.7 Cr (Standard)
366.0,Gujarat,Rajeshbhai Naranbhai Chudasama,JUNAGADH,147000000.0,General,0.0,0.0,₹14.7 Cr (Standard)
367.0,Bihar,Rajiv Pratap Rudy,SARAN,147000000.0,General,0.0,0.0,₹14.7 Cr (Standard)
368.0,Bihar,Rajiv Ranjan (Lalan) Singh,MUNGER,147000000.0,General,0.0,0.0,₹14.7 Cr (Standard)
369.0,Uttar Pradesh,Rajkumar Chahar,FATEHPUR SIKRI,147000000.0,General,0.0,0.0,₹14.7 Cr (Standard)
370.0,Uttar Pradesh,Rajnath Singh,LUCKNOW,154808797.11,General,7808797.110000014,5.31,₹14.7-20 Cr (Moderately High)
371.0,Gujarat,RAJPALSINH MAHENDRASINH JADAV,PANCHMAHAL,147000000.0,General,0.0,0.0,₹14.7 Cr (Standard)
372.0,West Bengal,Raju Bista,DARJEELING,147000000.0,General,0.0,0.0,₹14.7 Cr (Standard)
373.0,Uttar Pradesh,RAKESH RATHOR,SITAPUR,147000000.0,General,0.0,0.0,₹14.7 Cr (Standard)
374.0,Assam,RAKIBUL HUSSAIN,DHUBRI,147000000.0,General,0.0,0.0,₹14.7 Cr (Standard)
375.0,Uttar Pradesh,RAM PRASAD CHAUDHARY,BASTI,204176957.11,General,57176957.110000014,38.9,₹20-25 Cr (High)
376.0,Uttar Pradesh,Ram Shiromani,SHRAWASTI,151746878.11,General,4746878.110000014,3.23,₹14.7-20 Cr (Moderately High)
377.0,Telangana,RAMASAHAYAM RAGHURAM REDDY,KHAMMAM,147000000.0,General,0.0,0.0,₹14.7 Cr (Standard)
378.0,Uttar Pradesh,RAMASHANKAR RAJBHAR,SALEMPUR,160056927.07,General,13056927.069999993,8.88,₹14.7-20 Cr (Moderately High)
379.0,Uttar Pradesh,RAMBHUAL NISHAD,SULTANPUR,151231957.11,General,4231957.110000014,2.88,₹14.7-20 Cr (Moderately High)
380.0,Uttar Pradesh,RAMESH AWASTHI,KANPUR,147000000.0,General,0.0,0.0,₹14.7 Cr (Standard)
381.0,Karnataka,Ramesh Chandappa Jigajinagi,BIJAPUR(SC),269500000.0,SC,122500000.0,83.33,> ₹25 Cr (Very High)
382.0,Bihar,Ramprit Mandal,JHANJHARPUR,147000000.0,General,0.0,0.0,₹14.7 Cr (Standard)
383.0,Delhi,Ramvir Singh Bidhuri,SOUTH DELHI,147559100.0,General,559100.0,0.38,₹14.7-20 Cr (Moderately High)
384.0,Assam,RANJIT DUTTA,Sonitpur,147000000.0,General,0.0,0.0,₹14.7 Cr (Standard)
385.0,Haryana,Rao Inderjit Singh,GURGAON,147000000.0,General,0.0,0.0,₹14.7 Cr (Standard)
386.0,Rajasthan,Rao Rajendra Singh,JAIPUR RURAL,147000000.0,General,0.0,0.0,₹14.7 Cr (Standard)
387.0,Bihar,Ravi Shankar Prasad,PATNA SAHIB,147000000.0,General,0.0,0.0,₹14.7 Cr (Standard)
388.0,Maharashtra,RAVINDRA DATTARAM WAIKAR,MUMBAI NORTH WEST,147000000.0,General,0.0,0.0,₹14.7 Cr (Standard)
389.0,Uttar Pradesh,Ravindra Shyamnarayan Alias Ravi Kishan Shukla,GORAKHPUR,147000000.0,General,0.0,0.0,₹14.7 Cr (Standard)
390.0,Maharashtra,Ravindra Vasantrao Chavan,NANDED,147000000.0,General,0.0,0.0,₹14.7 Cr (Standard)
391.0,Mizoram,RICHARD VANLALHMANGAIHA,MIZORAM (ST),147000000.0,ST,0.0,0.0,₹14.7 Cr (Standard)
392.0,Tamil Nadu,ROBERT BRUCE C,TIRUNELVELI,147475440.11,General,475440.1100000143,0.32,₹14.7-20 Cr (Moderately High)
393.0,Madhya Pradesh,Rodmal Nagar,RAJGARH,147000000.0,General,0.0,0.0,₹14.7 Cr (Standard)
394.0,Chhattisgarh,ROOP KUMARI CHOUDHARY,MAHASAMUND,153035414.0,General,6035414.0,4.11,₹14.7-20 Cr (Moderately High)
395.0,Uttar Pradesh,RUCHI VIRA,MORADABAD,147000000.0,General,0.0,0.0,₹14.7 Cr (Standard)
396.0,Odisha,RUDRA NARAYAN PANY,DHENKANAL,155013957.11,General,8013957.110000014,5.45,₹14.7-20 Cr (Moderately High)
397.0,Nagaland,S SUPONGMEREN JAMIR,NAGALAND,147000000.0,General,0.0,0.0,₹14.7 Cr (Standard)
398.0,Tamil Nadu,S Venkatesan,MADURAI,147000000.0,General,0.0,0.0,₹14.7 Cr (Standard)
399.0,Tamil Nadu,S. Jagathrakshakan,ARAKKONAM,180589332.34,General,33589332.34,22.85,₹14.7-20 Cr (Moderately High)
400.0,Tamil Nadu,SACHITHANANTHAM R,DINDIGUL,147000000.0,General,0.0,0.0,₹14.7 Cr (Standard)
401.0,Karnataka,SAGAR ESHWAR KHANDRE,BIDAR,147000000.0,General,0.0,0.0,₹14.7 Cr (Standard)
402.0,Meghalaya,SALENG A SANGMA,TURA,147000000.0,General,0.0,0.0,₹14.7 Cr (Standard)
403.0,Odisha,SAMBIT PATRA,PURI,147000000.0,General,0.0,0.0,₹14.7 Cr (Standard)
404.0,Uttar Pradesh,SANATAN PANDEY,BALLIA,180420041.4,General,33420041.400000006,22.73,₹14.7-20 Cr (Moderately High)
405.0,Maharashtra,SANJAY DINA PATIL,MUMBAI NORTH EAST,147000000.0,General,0.0,0.0,₹14.7 Cr (Standard)
406.0,Maharashtra,Sanjay Haribhau Jadhav,PARBHANI,147000000.0,General,0.0,0.0,₹14.7 Cr (Standard)
407.0,Bihar,Sanjay Jaiswal,PASCHIM CHAMPARAN,147000000.0,General,0.0,0.0,₹14.7 Cr (Standard)
408.0,Telangana,Sanjay Kumar Bandi,KARIMNAGAR,172775317.11,General,25775317.110000014,17.53,₹14.7-20 Cr (Moderately High)
409.0,Jharkhand,Sanjay Seth,RANCHI,147064357.11,General,64357.110000014305,0.04,₹14.7-20 Cr (Moderately High)
410.0,Maharashtra,Sanjay Uttamrao Deshmukh,YAVATMAL-WASHIM,185640423.0,General,38640423.0,26.29,₹14.7-20 Cr (Moderately High)
411.0,Rajasthan,SANJNA JATAV,BHARATPUR(SC),147000000.0,SC,0.0,0.0,₹14.7 Cr (Standard)
412.0,Chhattisgarh,Santosh Pandey,RAJNANDGAON,147000000.0,General,0.0,0.0,₹14.7 Cr (Standard)
413.0,Odisha,Saptagiri Sankar Ulaka,KORAPUT(ST),269500000.0,ST,122500000.0,83.33,> ₹25 Cr (Very High)
414.0,Punjab,SARABJEET SINGH KHALSA,FARIDKOT(SC),150850348.15,SC,3850348.150000006,2.62,₹14.7-20 Cr (Moderately High)
415.0,Tamil Nadu,Sasikanth Senthil,TIRUVALLUR(SC),171500000.0,SC,24500000.0,16.67,₹14.7-20 Cr (Moderately High)
416.0,Haryana,SATPAL BRAHAMCHARI,SONEPAT,147000000.0,General,0.0,0.0,₹14.7 Cr (Standard)
417.0,West Bengal,Saumitra khan,BISHNUPUR(SC),147000000.0,SC,0.0,0.0,₹14.7 Cr (Standard)
418.0,Madhya Pradesh,SAVITRI THAKUR,DHAR(ST),147000000.0,ST,0.0,0.0,₹14.7 Cr (Standard)
419.0,West Bengal,SAYANI GHOSH,JADAVPUR,147000000.0,General,0.0,0.0,₹14.7 Cr (Standard)
420.0,Haryana,SELJA,SIRSA(SC),147000000.0,SC,0.0,0.0,₹14.7 Cr (Standard)
421.0,Tamil Nadu,SELVAGANAPATHI T M,SALEM,147000000.0,General,0.0,0.0,₹14.7 Cr (Standard)
422.0,Tamil Nadu,SELVARAJ V,NAGAPATTINAM(SC),147000000.0,SC,0.0,0.0,₹14.7 Cr (Standard)
423.0,Kerala,SHAFI PARAMBIL,VADAKARA,147000000.0,General,0.0,0.0,₹14.7 Cr (Standard)
424.0,Bihar,SHAMBHAVI,SAMASTIPUR(SC),147000000.0,SC,0.0,0.0,₹14.7 Cr (Standard)
425.0,Madhya Pradesh,Shankar Lalwani,INDORE,147000000.0,General,0.0,0.0,₹14.7 Cr (Standard)
426.0,Uttar Pradesh,SHASHANK MANI,DEORIA,147000000.0,General,0.0,0.0,₹14.7 Cr (Standard)
427.0,West Bengal,Shatrughan Sinha,ASANSOL,147000000.0,General,0.0,0.0,₹14.7 Cr (Standard)
428.0,Punjab,SHER SINGH GHUBAYA,FIROZPUR,147000000.0,General,0.0,0.0,₹14.7 Cr (Standard)
429.0,Madhya Pradesh,SHIVMANGAL SINGH TOMAR,MORENA,147000000.0,General,0.0,0.0,₹14.7 Cr (Standard)
430.0,Madhya Pradesh,SHIVRAJ SINGH CHOUHAN,VIDISHA,147000000.0,General,0.0,0.0,₹14.7 Cr (Standard)
431.0,Karnataka,SHOBHA KARANDLAJE,BANGALORE NORTH,147000000.0,General,0.0,0.0,₹14.7 Cr (Standard)
432.0,Gujarat,SHOBHANABEN MAHENDRASINH BARAIYA,SABARKANTHA,147000000.0,General,0.0,0.0,₹14.7 Cr (Standard)
433.0,Karnataka,SHREYAS. M. PATEL,HASSAN,147000000.0,General,0.0,0.0,₹14.7 Cr (Standard)
434.0,Haryana,Shri  Dharambir Singh,BHIWANI MAHENDRAGARH,147000000.0,General,0.0,0.0,₹14.7 Cr (Standard)
435.0,West Bengal,Shri Abhishek Banerjee,DIAMOND HARBOUR,147000000.0,General,0.0,0.0,₹14.7 Cr (Standard)
436.0,Punjab,Shri Amar Singh,FATEHGARH SAHIB(SC),147000000.0,SC,0.0,0.0,₹14.7 Cr (Standard)
437.0,Gujarat,Shri Amit Shah,GANDHINAGAR,147000000.0,General,0.0,0.0,₹14.7 Cr (Standard)
438.0,Madhya Pradesh,Shri Anil Firojiya,UJJAIN(SC),147000000.0,SC,0.0,0.0,₹14.7 Cr (Standard)
439.0,Rajasthan,Shri Arjun Ram Meghwal,BIKANER(SC),147000000.0,SC,0.0,0.0,₹14.7 Cr (Standard)
440.0,Uttar Pradesh,Shri Arun Kumar Sagar,SHAHJAHANPUR(SC),147000000.0,SC,0.0,0.0,₹14.7 Cr (Standard)
441.0,Karnataka,Shri B Y Raghavendra,SHIMOGA,147000000.0,General,0.0,0.0,₹14.7 Cr (Standard)
442.0,Kerala,Shri Benny Behanan,CHALAKUDY,164674770.11,General,17674770.110000014,12.02,₹14.7-20 Cr (Moderately High)
443.0,Odisha,Shri Bhartruhari Mahtab,CUTTACK,147000000.0,General,0.0,0.0,₹14.7 Cr (Standard)
444.0,Jharkhand,Shri Chandra Prakash Choudhary,GIRIDIH,147000000.0,General,0.0,0.0,₹14.7 Cr (Standard)
445.0,West Bengal,Shri Deepak (Dev) Adhikari,GHATAL,200747364.0,General,53747364.0,36.56,₹20-25 Cr (High)
446.0,Punjab,Shri Gurjeet Singh Aujla,AMRITSAR,147000000.0,General,0.0,0.0,₹14.7 Cr (Standard)
447.0,Rajasthan,Shri Hanuman Beniwal,NAGAUR,147000000.0,General,0.0,0.0,₹14.7 Cr (Standard)
448.0,Kerala,Shri Hibi Eden,ERNAKULAM,162177260.11,General,15177260.110000014,10.32,₹14.7-20 Cr (Moderately High)
449.0,Bihar,Shri Janardan Singh Sigriwal,MAHARAJGANJ_BR,147000000.0,General,0.0,0.0,₹14.7 Cr (Standard)
450.0,Odisha,Shri Jual Oram,SUNDARGARH (ST),173096756.91,ST,26096756.909999996,17.75,₹14.7-20 Cr (Moderately High)
451.0,Jammu And Kashmir,Shri Jugal Kishore Sharma,JAMMU,147000000.0,General,0.0,0.0,₹14.7 Cr (Standard)
452.0,West Bengal,Shri Jyotirmay Singh Mahato,PURULIA,147000000.0,General,0.0,0.0,₹14.7 Cr (Standard)
453.0,Tamil Nadu,Shri Karti P Chidambaram,SIVAGANGA,159049284.11,General,12049284.110000014,8.2,₹14.7-20 Cr (Moderately High)
454.0,Kerala,Shri Kumbakudi Sudhakaran,KANNUR,147000000.0,General,0.0,0.0,₹14.7 Cr (Standard)
455.0,Karnataka,Shri LS Tejasvi Surya,BANGALORE SOUTH,147000000.0,General,0.0,0.0,₹14.7 Cr (Standard)
456.0,Kerala,Shri M K Raghavan,KOZHIKODE,147000000.0,General,0.0,0.0,₹14.7 Cr (Standard)
457.0,Uttar Pradesh,Shri Narendra Modi,VARANASI,162070276.11,General,15070276.110000014,10.25,₹14.7-20 Cr (Moderately High)
458.0,Kerala,Shri NK Premachandran,KOLLAM,171477994.11,General,24477994.110000014,16.65,₹14.7-20 Cr (Moderately High)
459.0,Rajasthan,Shri PP Chaudhary,PALI,147000000.0,General,0.0,0.0,₹14.7 Cr (Standard)
460.0,Kerala,Shri Rajmohan Unnithan,KASARAGOD,156754633.11,General,9754633.110000014,6.64,₹14.7-20 Cr (Moderately High)
461.0,Assam,Shri Sarbananda Sonowal (18LS),DIBRUGARH,147000000.0,General,0.0,0.0,₹14.7 Cr (Standard)
462.0,Uttar Pradesh,Shri Satish Kumar Gautam,ALIGARH,147000000.0,General,0.0,0.0,₹14.7 Cr (Standard)
463.0,West Bengal,Shri Shantanu Thakur,BANGAON(SC),147000000.0,SC,0.0,0.0,₹14.7 Cr (Standard)
464.0,Madhya Pradesh,Shri Sudheer Gupta,MANDSOUR,148988014.83,General,1988014.830000013,1.35,₹14.7-20 Cr (Moderately High)
465.0,Kerala,Shri Suresh Kodikunnil,MAVELIKKARA(SC),172429519.11,SC,25429519.110000014,17.3,₹14.7-20 Cr (Moderately High)
466.0,Arunachal Pradesh,Shri Tapir Gao,ARUNACHAL EAST,147000000.0,General,0.0,0.0,₹14.7 Cr (Standard)
467.0,Tamil Nadu,Shri vijayakumar Vasanth,KANNIYAKUMARI,171500000.0,General,24500000.0,16.67,₹14.7-20 Cr (Moderately High)
468.0,Maharashtra,Shrikant Eknath Shinde,KALYAN,147000000.0,General,0.0,0.0,₹14.7 Cr (Standard)
469.0,Maharashtra,SHRIMANT CHH UDAYANRAJE PRATAPSINHAMAHARAJ BHONSLE,SATARA,147000000.0,General,0.0,0.0,₹14.7 Cr (Standard)
470.0,Goa,Shripad Yesso Naik,NORTH GOA,147000000.0,General,0.0,0.0,₹14.7 Cr (Standard)
471.0,Maharashtra,Shrirang Appa Barne,MAVAL,147000000.0,General,0.0,0.0,₹14.7 Cr (Standard)
472.0,Maharashtra,Shyamkumar,RAMTEK(SC),147000000.0,SC,0.0,0.0,₹14.7 Cr (Standard)
473.0,Andhra Pradesh,Sivanath Kesineni,VIJAYAWADA,147000000.0,General,0.0,0.0,₹14.7 Cr (Standard)
474.0,West Bengal,SK NURUL ISLAM,BASIRHAT,49000000.0,General,-98000000.0,-66.67,< ₹10 Cr (Severely Low)
475.0,Maharashtra,SMITA UDAY WAGH,JALGAON,148107373.11,General,1107373.1100000143,0.75,₹14.7-20 Cr (Moderately High)
476.0,Uttar Pradesh,Smt Anupriya Patel,MIRZAPUR,147000000.0,General,0.0,0.0,₹14.7 Cr (Standard)
477.0,Odisha,Smt Aparajita Sarangi,BHUBANESWAR,147420861.41,General,420861.4099999964,0.29,₹14.7-20 Cr (Moderately High)
478.0,Uttar Pradesh,Smt Dimple Yadav,MAINPURI,192042469.11,General,45042469.110000014,30.64,₹14.7-20 Cr (Moderately High)
479.0,Punjab,Smt Harsimrat Kaur Badal,BHATINDA,159775982.39,General,12775982.389999986,8.69,₹14.7-20 Cr (Moderately High)
480.0,Uttar Pradesh,Smt Hema Malini,MATHURA,147000000.0,General,0.0,0.0,₹14.7 Cr (Standard)
481.0,Madhya Pradesh,Smt Himadri Singh,SHAHDOL (ST),150724861.11,ST,3724861.1100000143,2.53,₹14.7-20 Cr (Moderately High)
482.0,Gujarat,Smt Poonamben Hematbhai Maadam,JAMNAGAR,147000000.0,General,0.0,0.0,₹14.7 Cr (Standard)
483.0,Maharashtra,Smt Raksha Nikhil Khadse,RAVER,153112586.11,General,6112586.110000014,4.16,₹14.7-20 Cr (Moderately High)
484.0,Tamil Nadu,Smt S Jothimani,KARUR,147000000.0,General,0.0,0.0,₹14.7 Cr (Standard)
485.0,West Bengal,Smt Sajda Ahmed,ULUBERIA,147000000.0,General,0.0,0.0,₹14.7 Cr (Standard)
486.0,Madhya Pradesh,Smt Sandhya Ray,BHIND(SC),147000000.0,SC,0.0,0.0,₹14.7 Cr (Standard)
487.0,Odisha,Smt Sangeeta Kumari Singh Deo,BOLANGIR,147000000.0,General,0.0,0.0,₹14.7 Cr (Standard)
488.0,West Bengal,Smt Satabdi Roy (Banerjee),BIRBHUM,147000000.0,General,0.0,0.0,₹14.7 Cr (Standard)
489.0,Maharashtra,Smt Supriya Sadanand Sule,BARAMATI,147000000.0,General,0.0,0.0,₹14.7 Cr (Standard)
490.0,Bihar,Smt Veena Devi,VAISHALI,147000000.0,General,0.0,0.0,₹14.7 Cr (Standard)
491.0,Andhra Pradesh,Sribharat MathuKumli,VISAKHAPATNAM,164841922.0,General,17841922.0,12.14,₹14.7-20 Cr (Moderately High)
492.0,Bihar,SUDAMA PRASAD,ARRAH,147000000.0,General,0.0,0.0,₹14.7 Cr (Standard)
493.0,Tamil Nadu,SUDHA R,MAYILADUTHURAI,147332315.11,General,332315.1100000143,0.23,₹14.7-20 Cr (Moderately High)
494.0,Bihar,SUDHAKAR SINGH,BUXAR,185211956.54,General,38211956.53999999,25.99,₹14.7-20 Cr (Moderately High)
495.0,West Bengal,Sudip Bandyopadhyay,KOLKATA UTTAR,147000000.0,General,0.0,0.0,₹14.7 Cr (Standard)
496.0,Odisha,SUKANTA KUMAR PANIGRAHI,KANDHAMAL,190712424.11,General,43712424.110000014,29.74,₹14.7-20 Cr (Moderately High)
497.0,Jharkhand,SUKHDEO BHAGAT,LOHARDAGA(ST),171821957.11,ST,24821957.110000014,16.89,₹14.7-20 Cr (Moderately High)
498.0,Punjab,SUKHJINDER SINGH RANDHAWA,GURDASPUR,147000000.0,General,0.0,0.0,₹14.7 Cr (Standard)
499.0,Karnataka,SUNIL BOSE,CHAMARAJANAGAR(SC),147000000.0,SC,0.0,0.0,₹14.7 Cr (Standard)
500.0,Maharashtra,Sunil Dattatray Tatkare,RAIGAD,147000000.0,General,0.0,0.0,₹14.7 Cr (Standard)
501.0,Bihar,Sunil Kumar,VALMIKI NAGAR,147000000.0,General,0.0,0.0,₹14.7 Cr (Standard)
502.0,Bihar,SURENDRA PRASAD YADAV,JAHANABAD,155325714.0,General,8325714.0,5.66,₹14.7-20 Cr (Moderately High)
503.0,Kerala,SURESH GOPI,THRISSUR,147000000.0,General,0.0,0.0,₹14.7 Cr (Standard)
504.0,Himachal Pradesh,Suresh Kumar Kashyap,SHIMLA (SC),153563957.11,SC,6563957.110000014,4.47,₹14.7-20 Cr (Moderately High)
505.0,Telangana,SURESH KUMAR SHETKAR,ZAHIRABAD,147000000.0,General,0.0,0.0,₹14.7 Cr (Standard)
506.0,Uttar Pradesh,Swami Sachchidanandhari Sakshi ji Maharaj,UNNAO,147000000.0,General,0.0,0.0,₹14.7 Cr (Standard)
507.0,Tamil Nadu,T Sumathy (A) Thamizhachi Thangapandian,CHENNAI SOUTH,147000000.0,General,0.0,0.0,₹14.7 Cr (Standard)
508.0,Andhra Pradesh,TANGELLA UDAY SRINIVAS,KAKINADA,199417886.76,General,52417886.75999999,35.66,₹14.7-20 Cr (Moderately High)
509.0,Uttar Pradesh,TANUJ PUNIA,BARABANKI(SC),148198170.11,SC,1198170.1100000143,0.82,₹14.7-20 Cr (Moderately High)
510.0,Bihar,TARIQ ANWAR,KATIHAR,147000000.0,General,0.0,0.0,₹14.7 Cr (Standard)
511.0,Tamil Nadu,Thalikkottai Rajuthevar Baalu,SRIPERUMBUDUR,196905535.11,General,49905535.110000014,33.95,₹14.7-20 Cr (Moderately High)
512.0,Tamil Nadu,THANGA TAMILSELVAN,THENI,147000000.0,General,0.0,0.0,₹14.7 Cr (Standard)
513.0,Tamil Nadu,THARANIVENTHAN M S,ARANI,168337124.35,General,21337124.349999994,14.52,₹14.7-20 Cr (Moderately High)
514.0,Tamil Nadu,Thiru Dayanidhi Maran,CHENNAI CENTRAL,147000000.0,General,0.0,0.0,₹14.7 Cr (Standard)
515.0,Tamil Nadu,Thirumaa Valavan Thol,CHIDAMBARAM(SC),147000000.0,SC,0.0,0.0,₹14.7 Cr (Standard)
516.0,Chhattisgarh,TOKHAN SAHU,BILASPUR,147000000.0,General,0.0,0.0,₹14.7 Cr (Standard)
517.0,Uttarakhand,TRIVENDRA SINGH RAWAT,HARDWAR,147000000.0,General,0.0,0.0,₹14.7 Cr (Standard)
518.0,Uttar Pradesh,UJJWAL RAMAN SINGH,ALLAHABAD,147000000.0,General,0.0,0.0,₹14.7 Cr (Standard)
519.0,Rajasthan,UMMEDA RAM BENIWAL,BARMER,147000000.0,General,0.0,0.0,₹14.7 Cr (Standard)
520.0,Uttar Pradesh,UTKARSH VERMA MADHUR,KHERI,147000000.0,General,0.0,0.0,₹14.7 Cr (Standard)
521.0,Tamil Nadu,V S Matheswaran,NAMAKKAL,162539930.11,General,15539930.110000014,10.57,₹14.7-20 Cr (Moderately High)
522.0,Karnataka,V. SOMANNA,TUMKUR,147000000.0,General,0.0,0.0,₹14.7 Cr (Standard)
523.0,Puducherry,Vaithilingam Ve,Puducherry,209368972.11,General,62368972.110000014,42.43,₹20-25 Cr (High)
524.0,Telangana,VAMSI KRISHNA GADDAM,PEDDAPALLE,148451721.11,General,1451721.1100000143,0.99,₹14.7-20 Cr (Moderately High)
525.0,Haryana,VARUN CHAUDHRY,AMBALA (SC),255454264.0,SC,108454264.0,73.78,> ₹25 Cr (Very High)
526.0,Kerala,Vellalath Kochukrishnan Nair Sreekandan,PALAKKAD,167807990.11,General,20807990.110000014,14.16,₹14.7-20 Cr (Moderately High)
527.0,Chhattisgarh,Vijay Baghel,DURG,147000000.0,General,0.0,0.0,₹14.7 Cr (Standard)
528.0,Uttar Pradesh,Vijay Kumar Dubey,KUSHI NAGAR,148900000.0,General,1900000.0,1.29,₹14.7-20 Cr (Moderately High)
529.0,Jharkhand,Vijay Kumar Hansdak,RAJMAHAL(ST),147223957.11,ST,223957.1100000143,0.15,₹14.7-20 Cr (Moderately High)
530.0,Bihar,VIJAYLAKSHMI DEVI,SIWAN,147000000.0,General,0.0,0.0,₹14.7 Cr (Standard)
531.0,Gujarat,Vinod Chavda,KACHCHH(SC),147000000.0,SC,0.0,0.0,₹14.7 Cr (Standard)
532.0,Uttar Pradesh,VINOD KUMAR BIND,BHADOHI,147000000.0,General,0.0,0.0,₹14.7 Cr (Standard)
533.0,Madhya Pradesh,Virendra Kumar,TIKAMGARH(SC),147000000.0,SC,0.0,0.0,₹14.7 Cr (Standard)
534.0,Uttar Pradesh,VIRENDRA SINGH,CHANDAULI,147000000.0,General,0.0,0.0,₹14.7 Cr (Standard)
535.0,Maharashtra,VISHAL,SANGLI,147000000.0,General,0.0,0.0,₹14.7 Cr (Standard)
536.0,Jharkhand,Vishnu Dayal Ram,PALAMU(SC),158176083.11,SC,11176083.110000014,7.6,₹14.7-20 Cr (Moderately High)
537.0,Madhya Pradesh,Vishnu Dutt Sharma,KHAJURAHO,147000000.0,General,0.0,0.0,₹14.7 Cr (Standard)
538.0,Karnataka,VISHWESHWAR HEGDE KAGERI,UTTARA KANNADA,147000000.0,General,0.0,0.0,₹14.7 Cr (Standard)
539.0,Bihar,VIVEK THAKUR,NAWADA,147000000.0,General,0.0,0.0,₹14.7 Cr (Standard)
540.0,Andhra Pradesh,Y S Avinash Reddy,KADAPA,156430260.11,General,9430260.110000014,6.42,₹14.7-20 Cr (Moderately High)
541.0,Karnataka,YADUVEER KRISHNADATTA CHAMARAJA WADIYAR,MYSORE,147000000.0,General,0.0,0.0,₹14.7 Cr (Standard)
542.0,Delhi,Yogendra Chandoliya,NORTH WEST DELHI(SC),147876307.0,SC,876307.0,0.6,₹14.7-20 Cr (Moderately High)
543.0,Uttar Pradesh,ZIA UR REHMAN,SAMBHAL,147000000.0,General,0.0,0.0,₹14.7 Cr (Standard)
