mp_id,mp_name,state,constituency,constituency_type,house,party,allocated_amount,released_amount,expenditure_amount,utilization_pct,total_works_recommended,total_works_completed,risk_tier,deviation_pct
1,Bishnu Pada Ray,Andaman And Nicobar Islands,ANDAMAN AND NICOBAR ISLANDS,General,Lok Sabha,TDP,147000000.0,124173717.65247191,67974182.63298915,46.24,77,52,Moderate Risk,0.0
2,Ambica G Lakshminarayana Valmiki,Andhra Pradesh,ANANTAPUR,General,Lok Sabha,INC,201899064.11,165963127.40112847,99381189.52323721,49.22,29,19,Moderate Risk,37.35
3,Appalanaidu Kalisetti,Andhra Pradesh,VIZIANAGARAM,General,Lok Sabha,BJP,147000000.0,128410844.60994735,97068366.61770533,66.03,32,29,Clean / Exemplary,0.0
4,B K Parthasarathi,Andhra Pradesh,HINDUPUR,General,Lok Sabha,INC,160491894.11,153917703.00171053,110794107.67464979,69.03,32,23,Clean / Exemplary,9.18
5,Balashowry Vallabbhaneni,Andhra Pradesh,MACHILIPATNAM,General,Lok Sabha,BJP,147000000.0,130355238.48759641,79987273.54952204,54.41,40,21,Moderate Risk,0.0
6,Bastipati Nagaraju Panchalingala,Andhra Pradesh,KURNOOL,General,Lok Sabha,BJP,159998515.11,154061561.65162495,68413805.41431127,42.76,33,15,Moderate Risk,8.84
7,Bhupathiraju Srinivasa Varma,Andhra Pradesh,NARASAPURAM,General,Lok Sabha,SHS,147000000.0,138363521.478401,101529723.62714346,69.07,20,16,Clean / Exemplary,0.0
8,C.M.Ramesh,Andhra Pradesh,ANAKAPALLE,General,Lok Sabha,BJP,202531656.11,169645422.89363748,78318389.0553186,38.67,45,13,High Risk,37.78
9,Daggubati Purandeshwari,Andhra Pradesh,RAJAHMUNDRY,General,Lok Sabha,RJD,147000000.0,132068219.01653843,127105672.17437138,86.47,31,28,Clean / Exemplary,0.0
10,Daggumalla Prasada Rao,Andhra Pradesh,CHITTOOR,General,Lok Sabha,TMC,147000000.0,127265297.34245275,76645069.31691709,52.14,56,34,Moderate Risk,0.0
11,Dr Byreddy Shabari,Andhra Pradesh,NANDYAL,General,Lok Sabha,BJP,150675889.11,136346955.28236395,55652054.980693795,36.93,41,13,High Risk,2.5
12,Dr Chandra Sekhar Pemmasani,Andhra Pradesh,GUNTUR,General,Lok Sabha,BJP,159774113.11,149185665.97808814,100151020.1261489,62.68,75,47,Moderate Risk,8.69
13,Gm Harish Balayogi,Andhra Pradesh,AMALAPURAM(SC),SC,Lok Sabha,BJP,147000000.0,134741421.89250895,50791495.65452622,34.55,42,10,High Risk,0.0
14,Gumma Thanuja Rani,Andhra Pradesh,ARAKU(ST),ST,Lok Sabha,JDU,149458905.11,143476222.24807292,96757780.65331998,64.74,42,18,Moderate Risk,1.67
15,Kinjarapu Ram Mohan Naidu,Andhra Pradesh,SRIKAKULAM,General,Lok Sabha,BJP,171200630.11,164174883.20068654,80545192.02655956,47.05,60,36,Moderate Risk,16.46
16,Krishna Prasad Tenneti,Andhra Pradesh,BAPATLA,General,Lok Sabha,INC,167796849.11,149514380.62146214,68393553.01123253,40.76,15,7,Moderate Risk,14.15
17,Lavu Sri Krishna Devarayalu,Andhra Pradesh,NARASARAOPET,General,Lok Sabha,INC,174009663.11,140363262.8429981,88237630.39439924,50.71,20,11,Moderate Risk,18.37
18,Maddila Gurumoorthy,Andhra Pradesh,TIRUPATI(SC),SC,Lok Sabha,SP,180399007.0,147264399.13994923,79929984.89224054,44.31,18,11,Moderate Risk,22.72
19,Magunta Sreenivasulu Reddy,Andhra Pradesh,ONGOLE,General,Lok Sabha,BSP,147000000.0,136966008.59972575,64066576.973246895,43.58,47,19,Moderate Risk,0.0
20,Midhun Reddy,Andhra Pradesh,RAJAMPET,General,Lok Sabha,AAP,178951477.11,150385576.37143087,46347014.732101515,25.9,58,14,High Risk,21.74
21,Prabhakar Reddy Vemireddy,Andhra Pradesh,NELLORE(SC),SC,Lok Sabha,BJD,147000000.0,140986228.84721804,107209206.54332082,72.93,75,58,Clean / Exemplary,0.0
22,Putta Mahesh Kumar,Andhra Pradesh,ELURU,General,Lok Sabha,TMC,147000000.0,130126851.48637693,60913497.57894234,41.44,23,13,Moderate Risk,0.0
23,Sivanath Kesineni,Andhra Pradesh,VIJAYAWADA,General,Lok Sabha,BJP,147000000.0,133298643.69290426,41805461.047939725,28.44,24,5,High Risk,0.0
24,Sribharat Mathukumli,Andhra Pradesh,VISAKHAPATNAM,General,Lok Sabha,BJP,164841922.0,133774085.24966805,69387454.16304219,42.09,37,19,Moderate Risk,12.14
25,Tangella Uday Srinivas,Andhra Pradesh,KAKINADA,General,Lok Sabha,BJP,199417886.76,160105253.89214957,90345553.62969007,45.3,62,27,Moderate Risk,35.66
26,Y S Avinash Reddy,Andhra Pradesh,KADAPA,General,Lok Sabha,BJP,156430260.11,139663913.38982072,80150965.68748137,51.24,77,50,Moderate Risk,6.42
27,Kiren Rijiju,Arunachal Pradesh,ARUNACHAL WEST,General,Lok Sabha,AAP,147000000.0,136842629.69986537,52117193.155963436,35.45,32,9,High Risk,0.0
28,Shri Tapir Gao,Arunachal Pradesh,ARUNACHAL EAST,General,Lok Sabha,YSR Congress,147000000.0,126695557.90516579,122793172.16306949,83.53,68,45,Clean / Exemplary,0.0
29,Amarsing Tisso,Assam,DIPHU (ST),ST,Lok Sabha,BJP,147000000.0,143841234.55560535,119073294.73031616,81.0,50,46,Clean / Exemplary,0.0
30,Bijuli Kalita Medhi,Assam,GUWAHATI,General,Lok Sabha,TMC,147000000.0,119255316.30504602,80091123.2315294,54.48,22,14,Moderate Risk,0.0
31,Dilip Saikia,Assam,DARRANG-UDALGURI,General,Lok Sabha,INC,147000000.0,136589966.89514908,42528013.15766351,28.93,52,19,High Risk,0.0
32,Gaurav Gogoi,Assam,JORHAT,General,Lok Sabha,BJP,147000000.0,120660792.31034648,53177596.56891254,36.18,66,19,High Risk,0.0
33,Joyanta Basumatary,Assam,KOKRAJHAR (ST),ST,Lok Sabha,INC,147000000.0,131708343.23693493,65488245.80998097,44.55,55,33,Moderate Risk,0.0
34,Kamakhya Prasad Tasa,Assam,KAZIRANGA,General,Lok Sabha,BJD,147000000.0,142607102.83537072,119811025.59594573,81.5,71,47,Clean / Exemplary,0.0
35,Kripanath Mallah,Assam,KARIMGANJ (SC),SC,Lok Sabha,BJP,147000000.0,144672926.7257812,93838071.09587263,63.84,55,35,Moderate Risk,0.0
36,Parimal Suklabaidya,Assam,SILCHAR,General,Lok Sabha,BJP,148300157.11,121728021.1600678,85565403.14501911,57.7,62,37,Moderate Risk,0.88
37,Phani Bhusan Choudhury,Assam,BARPETA,General,Lok Sabha,DMK,147000000.0,145754183.36445817,77269657.50399458,52.56,26,12,Moderate Risk,0.0
38,Pradan Baruah,Assam,LAKHIMPUR,General,Lok Sabha,TMC,147000000.0,135933419.22728115,84961588.70586959,57.8,20,8,Moderate Risk,0.0
39,Pradyut Bordoloi,Assam,NOWGONG,General,Lok Sabha,INC,98000000.0,86180837.73465596,83875306.65993091,85.59,44,41,Clean / Exemplary,-33.33
40,Rakibul Hussain,Assam,DHUBRI,General,Lok Sabha,BJP,147000000.0,133623791.41556999,109296442.24482165,74.35,79,56,Clean / Exemplary,0.0
41,Ranjit Dutta,Assam,SONITPUR,General,Lok Sabha,Others,147000000.0,128428300.19690135,60846673.77394311,41.39,44,22,Moderate Risk,0.0
42,Shri Sarbananda Sonowal (18Ls),Assam,DIBRUGARH,General,Lok Sabha,BJP,147000000.0,120775957.17144233,30188628.95960528,20.54,37,10,High Risk,0.0
43,Abhay Kumar Sinha,Bihar,AURANGABAD_BR,General,Lok Sabha,SHS,147000000.0,123842769.85394132,31518144.463038076,21.44,26,6,High Risk,0.0
44,Ajay Kumar Mandal,Bihar,BHAGALPUR,General,Lok Sabha,BJP,147000000.0,141574565.99657214,108863986.76062605,74.06,60,46,Clean / Exemplary,0.0
45,Alok Kumar Suman,Bihar,GOPALGANJ (SC),SC,Lok Sabha,INC,147000000.0,132551978.32024226,32634063.20716495,22.2,73,27,High Risk,0.0
46,Arun Bharti,Bihar,JAMUI(SC),SC,Lok Sabha,INC,194924621.11,190716064.2440759,62999031.91462957,32.32,56,13,High Risk,32.6
47,Ashok Kumar Yadav,Bihar,MADHUBANI,General,Lok Sabha,BJD,147000000.0,138237826.19137648,81006026.72331284,55.11,66,45,Moderate Risk,0.0
48,Chirag Paswan,Bihar,HAJIPUR(SC),SC,Lok Sabha,BJP,147000000.0,139801035.3168044,70918386.93325566,48.24,55,25,Moderate Risk,0.0
49,Devesh Chandra Thakur,Bihar,SITAMARHI,General,Lok Sabha,YSR Congress,163809205.11,133725940.49482158,51718637.684417434,31.57,71,13,High Risk,11.43
50,Dileshwar Kamait,Bihar,SUPAUL,General,Lok Sabha,DMK,150450930.89,142791157.2746369,50366174.56939194,33.48,43,11,High Risk,2.35
51,Dinesh Chandra Yadav,Bihar,MADHEPURA,General,Lok Sabha,YSR Congress,150070866.11,127176858.90806347,66397157.46277002,44.24,21,14,Moderate Risk,2.09
52,Dr Mohammad Jawed,Bihar,KISHANGANJ,General,Lok Sabha,INC,148669229.11,122932048.56831741,76272632.88083065,51.3,19,11,Moderate Risk,1.14
53,Giridhari Yadav,Bihar,BANKA,General,Lok Sabha,SHS,147000000.0,129277195.77078258,103721267.28794733,70.56,58,51,Clean / Exemplary,0.0
54,Giriraj Singh,Bihar,BEGUSARAI,General,Lok Sabha,JDU,147000000.0,117982256.55121565,50492883.99828797,34.35,20,8,High Risk,0.0
55,Jitan Ram Manjhi,Bihar,GAYA (SC),SC,Lok Sabha,BJP,147000000.0,121144666.441852,33208085.61222419,22.59,20,7,High Risk,0.0
56,Kaushalendra Kumar,Bihar,NALANDA,General,Lok Sabha,Independent,147000000.0,139639763.85324198,119081137.35307954,81.01,23,21,Clean / Exemplary,0.0
57,Lovely Anand,Bihar,SHEOHAR,General,Lok Sabha,BJP,147000000.0,136311049.33658293,49995460.13279096,34.01,60,17,High Risk,0.0
58,Manoj Kumar,Bihar,SASARAM(SC),SC,Lok Sabha,BJP,147000000.0,119278353.56902587,50581060.51278345,34.41,49,15,High Risk,0.0
59,Misha Bharti,Bihar,PATALIPUTRA,General,Lok Sabha,BJD,147000000.0,130646256.4475544,129203949.54443812,87.89,71,52,Clean / Exemplary,0.0
60,Mr Gopal Jee Thakur,Bihar,DARBHANGA,General,Lok Sabha,INC,147000000.0,143200151.43991542,34361018.79875121,23.37,65,21,High Risk,0.0
61,Nityanand Rai,Bihar,UJJARPUR,General,Lok Sabha,BJP,147000000.0,135941464.14549124,73002666.30045769,49.66,44,21,Moderate Risk,0.0
62,Pradeep Kumar Singh,Bihar,ARARIA,General,Lok Sabha,SHS,147000000.0,140591625.77750933,107117326.26912154,72.87,61,49,Clean / Exemplary,0.0
63,Radha Mohan Singh,Bihar,PURVI CHAMPARAN,General,Lok Sabha,BJP,147000000.0,124691322.85342652,84483412.52647167,57.47,78,38,Moderate Risk,0.0
64,Raj Bhushan Choudhary,Bihar,MUZAFFARPUR,General,Lok Sabha,TMC,147000000.0,136333723.41816345,33354071.308223244,22.69,57,8,High Risk,0.0
65,Raja Ram Singh,Bihar,KARAKAT,General,Lok Sabha,TMC,147000000.0,137598696.7087256,44852390.18407359,30.51,17,3,High Risk,0.0
66,Rajesh Ranjan Alias Pappu Yadav,Bihar,PURNEA,General,Lok Sabha,BJP,147000000.0,118215781.85430884,97345149.85726771,66.22,20,14,Clean / Exemplary,0.0
67,Rajesh Verma,Bihar,KHAGARIA,General,Lok Sabha,BSP,147000000.0,135965108.92431536,128992797.58555365,87.75,39,28,Clean / Exemplary,0.0
68,Rajiv Pratap Rudy,Bihar,SARAN,General,Lok Sabha,Independent,147000000.0,141082197.2346445,83968089.51133838,57.12,34,22,Moderate Risk,0.0
69,Rajiv Ranjan (Lalan) Singh,Bihar,MUNGER,General,Lok Sabha,DMK,147000000.0,139593351.47522825,130238946.89102575,88.6,67,62,Clean / Exemplary,0.0
70,Ramprit Mandal,Bihar,JHANJHARPUR,General,Lok Sabha,BSP,147000000.0,118638153.83524303,86429908.30418451,58.8,63,33,Moderate Risk,0.0
71,Ravi Shankar Prasad,Bihar,PATNA SAHIB,General,Lok Sabha,TMC,147000000.0,136484370.46161368,38968736.8378003,26.51,19,6,High Risk,0.0
72,Sanjay Jaiswal,Bihar,PASCHIM CHAMPARAN,General,Lok Sabha,Others,147000000.0,125141983.8358609,56170236.689995065,38.21,57,23,High Risk,0.0
73,Shambhavi,Bihar,SAMASTIPUR(SC),SC,Lok Sabha,BJP,147000000.0,143883297.4742314,43879216.23621724,29.85,57,24,High Risk,0.0
74,Shri Janardan Singh Sigriwal,Bihar,MAHARAJGANJ_BR,General,Lok Sabha,BJP,147000000.0,119921693.36841036,90442499.56404984,61.53,30,12,Moderate Risk,0.0
75,Smt Veena Devi,Bihar,VAISHALI,General,Lok Sabha,BSP,147000000.0,142109308.88096502,86376911.84333935,58.76,43,18,Moderate Risk,0.0
76,Sudama Prasad,Bihar,ARRAH,General,Lok Sabha,DMK,147000000.0,127809944.94749692,57208487.52025759,38.92,52,16,High Risk,0.0
77,Sudhakar Singh,Bihar,BUXAR,General,Lok Sabha,YSR Congress,185211956.54,169260664.24683058,101524770.51867197,54.82,55,25,Moderate Risk,25.99
78,Sunil Kumar,Bihar,VALMIKI NAGAR,General,Lok Sabha,TDP,147000000.0,146433736.7013528,80060291.89212163,54.46,41,23,Moderate Risk,0.0
79,Surendra Prasad Yadav,Bihar,JAHANABAD,General,Lok Sabha,DMK,155325714.0,153960312.2398368,98011701.16986875,63.1,28,12,Moderate Risk,5.66
80,Tariq Anwar,Bihar,KATIHAR,General,Lok Sabha,SHS,147000000.0,135639960.95858127,97163819.06244867,66.1,20,17,Clean / Exemplary,0.0
81,Vijaylakshmi Devi,Bihar,SIWAN,General,Lok Sabha,BSP,147000000.0,136537987.11139193,60069572.268998705,40.86,18,10,Moderate Risk,0.0
82,Vivek Thakur,Bihar,NAWADA,General,Lok Sabha,INC,147000000.0,132090218.78275494,31388813.221421145,21.35,41,11,High Risk,0.0
83,Manish Tewari,Chandigarh,CHANDIGARH,General,Lok Sabha,BJP,178351443.75,161221641.8297208,57217843.21820948,32.08,36,13,High Risk,21.33
84,Bhojraj Nag,Chhattisgarh,KANKER(ST),ST,Lok Sabha,BJP,164672734.11,148021695.9629747,101542414.39080589,61.66,18,9,Moderate Risk,12.02
85,Brijmohan Agrawal,Chhattisgarh,RAIPUR,General,Lok Sabha,DMK,153766451.11,152822403.07881466,107203804.44357184,69.72,49,46,Clean / Exemplary,4.6
86,Chintamani Maharaj,Chhattisgarh,SARGUJA(ST),ST,Lok Sabha,DMK,147000000.0,134091576.36314036,82924824.26442412,56.41,71,48,Moderate Risk,0.0
87,Jyotsna Charandas Mahant,Chhattisgarh,KORBA,General,Lok Sabha,BJP,155153738.11,124677632.04572469,64935446.44143801,41.85,79,40,Moderate Risk,5.55
88,Kamlesh Jangde,Chhattisgarh,JANJGIR CHAMPA(SC),SC,Lok Sabha,JDU,150384382.11,146529835.73131388,90394045.33051658,60.11,16,9,Moderate Risk,2.3
89,Mahesh Kashyap,Chhattisgarh,BASTAR(ST),ST,Lok Sabha,AAP,147000000.0,119722633.22398779,96318513.12509981,65.52,16,10,Clean / Exemplary,0.0
90,Radhe Shyam Rathiya,Chhattisgarh,RAIGARH(ST),ST,Lok Sabha,BJP,159706972.09,143360680.4007054,76938982.94255851,48.18,24,13,Moderate Risk,8.64
91,Roop Kumari Choudhary,Chhattisgarh,MAHASAMUND,General,Lok Sabha,SHS,153035414.0,134176338.14118311,53154475.38765745,34.73,52,22,High Risk,4.11
92,Santosh Pandey,Chhattisgarh,RAJNANDGAON,General,Lok Sabha,BJP,147000000.0,145403525.5218083,76559136.01329876,52.08,70,33,Moderate Risk,0.0
93,Tokhan Sahu,Chhattisgarh,BILASPUR,General,Lok Sabha,INC,147000000.0,131607247.39850748,71085067.26688658,48.36,29,13,Moderate Risk,0.0
94,Vijay Baghel,Chhattisgarh,DURG,General,Lok Sabha,AAP,147000000.0,132118132.7894337,128603669.05683213,87.49,40,28,Clean / Exemplary,0.0
95,Bansuri Swaraj,Delhi,NEW DELHI,General,Lok Sabha,TMC,154306950.0,140284052.5256269,70251011.95786138,45.53,76,52,Moderate Risk,4.97
96,Harsh Malhotra,Delhi,EAST DELHI,General,Lok Sabha,BJP,147134131.0,122600496.59233567,66689341.0626435,45.33,62,39,Moderate Risk,0.09
97,Kamaljeet Sehrawat,Delhi,WEST DELHI,General,Lok Sabha,AAP,147000000.0,137596138.68975285,102290550.30397709,69.59,55,40,Clean / Exemplary,0.0
98,Manoj Tiwari,Delhi,NORTH EAST DELHI,General,Lok Sabha,BJP,225843858.0,187375566.56266952,48156961.595640466,21.32,79,14,High Risk,53.64
99,Praveen Khandelwal,Delhi,CHANDINI CHOWK,General,Lok Sabha,INC,147470276.0,122293383.40467775,54554483.047021665,36.99,38,10,High Risk,0.32
100,Ramvir Singh Bidhuri,Delhi,SOUTH DELHI,General,Lok Sabha,INC,147559100.0,127695627.01367846,56218869.69019132,38.1,24,10,High Risk,0.38
101,Yogendra Chandoliya,Delhi,NORTH WEST DELHI(SC),SC,Lok Sabha,BJP,147876307.0,118802277.21922897,75197825.85231604,50.85,65,36,Moderate Risk,0.6
102,Captain Viriato Fernandes,Goa,SOUTH GOA,General,Lok Sabha,INC,147000000.0,141525573.5793843,101240840.37263177,68.87,59,42,Clean / Exemplary,0.0
103,Shripad Yesso Naik,Goa,NORTH GOA,General,Lok Sabha,BJP,147000000.0,128030275.97997794,106696221.11948623,72.58,76,67,Clean / Exemplary,0.0
104,Bharatbhai Manubhai Sutariya,Gujarat,AMRELI,General,Lok Sabha,INC,147000000.0,139675609.39307,125174928.80460681,85.15,64,60,Clean / Exemplary,0.0
105,Bharatsinhji Shankarji Dabhi,Gujarat,PATAN,General,Lok Sabha,TMC,147000000.0,141897849.5035676,40011446.10321747,27.22,35,12,High Risk,0.0
106,C R Patil,Gujarat,NAVSARI,General,Lok Sabha,BJP,158532494.36,156960216.13580927,104704879.19425263,66.05,72,50,Clean / Exemplary,7.85
107,Chandubhai Chhaganbhai Shihora,Gujarat,SURENDRANAGAR,General,Lok Sabha,BJP,147000000.0,119257439.60153727,77628526.14290243,52.81,71,44,Moderate Risk,0.0
108,Devusinh Jesingbhai Chauhan,Gujarat,KHEDA,General,Lok Sabha,INC,147000000.0,131844975.76461603,48387212.89177122,32.92,55,14,High Risk,0.0
109,Dhaval Laxmanbhai Patel,Gujarat,VALSAD(ST),ST,Lok Sabha,BJD,147000000.0,140801634.41505575,121035257.18813518,82.34,47,35,Clean / Exemplary,0.0
110,Dineshbhai Makwana,Gujarat,AHMEDABAD WEST(SC),SC,Lok Sabha,BJP,160434965.11,134334346.88686958,57940069.79771319,36.11,33,14,High Risk,9.14
111,Dr. Hemang Joshi,Gujarat,VADODARA,General,Lok Sabha,NCP,147000000.0,123527843.20940371,116024181.12842618,78.93,25,20,Clean / Exemplary,0.0
112,Dr. Mansukh Mandaviya,Gujarat,PORBANDAR,General,Lok Sabha,YSR Congress,147000000.0,127446225.07091834,41428808.38889066,28.18,24,9,High Risk,0.0
113,Geniben Nagaji Thakor,Gujarat,BANASKANTHA,General,Lok Sabha,BJP,147000000.0,120523576.94712475,47772245.725390926,32.5,30,8,High Risk,0.0
114,Haribhai Patel,Gujarat,MAHESANA,General,Lok Sabha,JDU,147000000.0,143292368.28033796,30531470.76895764,20.77,53,8,High Risk,0.0
115,Hasmukh Bhai Soma Bhai Patel,Gujarat,AHMEDABAD EAST,General,Lok Sabha,BJP,147000000.0,129045291.05283412,37919982.92949551,25.8,33,4,High Risk,0.0
116,Jashubhai Bhilubhai Rathva,Gujarat,CHHOTA UDAIPUR(ST),ST,Lok Sabha,RJD,147000000.0,146149112.40786183,101164545.49969983,68.82,76,54,Clean / Exemplary,0.0
117,Jaswantsinh Sumanbhai Bhabhor,Gujarat,DAHOD(ST),ST,Lok Sabha,SHS,147000000.0,126981553.91335173,78196642.89405303,53.19,68,40,Moderate Risk,0.0
118,Mansukhbhai Dhanjibhai Vasava,Gujarat,BHARUCH,General,Lok Sabha,CPI(M),147000000.0,136390126.1717757,128710713.86326908,87.56,71,64,Clean / Exemplary,0.0
119,Mitesh Rameshbhai Bakabhai Patel,Gujarat,ANAND,General,Lok Sabha,SHS,147000000.0,145371658.05253628,47628713.33413601,32.4,59,24,High Risk,0.0
120,Mukeshkumar Chandrakaant Dalal,Gujarat,SURAT,General,Lok Sabha,AAP,147000000.0,129023608.17734817,67108891.93826684,45.65,44,17,Moderate Risk,0.0
121,Nimuben Jayantibhai Bambhaniya,Gujarat,BHAVNAGAR,General,Lok Sabha,NCP,147000000.0,143595670.02244318,127299403.91306502,86.6,29,21,Clean / Exemplary,0.0
122,Parshottambhai Rupala,Gujarat,RAJKOT,General,Lok Sabha,BJP,147000000.0,120118352.53813505,88916013.75995949,60.49,73,43,Moderate Risk,0.0
123,Prabhubhai Nagarbhai Vasava,Gujarat,BARDOLI(ST),ST,Lok Sabha,BJP,147000000.0,146779014.96345624,53544670.22292617,36.42,75,33,High Risk,0.0
124,Rajeshbhai Naranbhai Chudasama,Gujarat,JUNAGADH,General,Lok Sabha,YSR Congress,147000000.0,140374233.15075096,50565219.27992262,34.4,56,18,High Risk,0.0
125,Rajpalsinh Mahendrasinh Jadav,Gujarat,PANCHMAHAL,General,Lok Sabha,BJP,147000000.0,143675592.0661525,54167280.04756476,36.85,56,24,High Risk,0.0
126,Shobhanaben Mahendrasinh Baraiya,Gujarat,SABARKANTHA,General,Lok Sabha,SP,147000000.0,141883759.4536176,63892908.074462794,43.46,21,10,Moderate Risk,0.0
127,Shri Amit Shah,Gujarat,GANDHINAGAR,General,Lok Sabha,BJD,147000000.0,138008026.86118904,115531531.78749853,78.59,48,36,Clean / Exemplary,0.0
128,Smt Poonamben Hematbhai Maadam,Gujarat,JAMNAGAR,General,Lok Sabha,INC,147000000.0,126749794.35486378,64448168.741214916,43.84,59,29,Moderate Risk,0.0
129,Vinod Chavda,Gujarat,KACHCHH(SC),SC,Lok Sabha,TMC,147000000.0,130322236.59897931,66449192.941210665,45.2,44,24,Moderate Risk,0.0
130,Deepender Singh Hooda,Haryana,ROHTAK,General,Lok Sabha,BJP,147000000.0,120207854.49245745,46783417.99012573,31.83,22,6,High Risk,0.0
131,Jai Parkash,Haryana,HISAR,General,Lok Sabha,SHS,147000000.0,124940239.46046007,97188808.43453282,66.11,46,29,Clean / Exemplary,0.0
132,Krishan Pal Gurjar,Haryana,FARIDABAD,General,Lok Sabha,BJP,147000000.0,121280462.29075499,111363687.24144854,75.76,59,41,Clean / Exemplary,0.0
133,Manohar Lal,Haryana,KARNAL,General,Lok Sabha,NCP,147000000.0,134809418.31326452,78239517.11465585,53.22,71,45,Moderate Risk,0.0
134,Naveen Jindal,Haryana,KURUKSHETRA,General,Lok Sabha,AAP,147000000.0,122934287.42225145,41942079.004371904,28.53,49,13,High Risk,0.0
135,Rao Inderjit Singh,Haryana,GURGAON,General,Lok Sabha,YSR Congress,147000000.0,129110855.5264282,103701099.54106162,70.54,41,36,Clean / Exemplary,0.0
136,Satpal Brahamchari,Haryana,SONEPAT,General,Lok Sabha,BJP,147000000.0,143408204.29767,107269729.93536054,72.97,72,62,Clean / Exemplary,0.0
137,Selja,Haryana,SIRSA(SC),SC,Lok Sabha,BJP,147000000.0,132985891.1571254,109210459.46021618,74.29,33,30,Clean / Exemplary,0.0
138,Shri  Dharambir Singh,Haryana,BHIWANI MAHENDRAGARH,General,Lok Sabha,INC,147000000.0,142338558.06069195,96403086.48432428,65.58,45,37,Clean / Exemplary,0.0
139,Varun Chaudhry,Haryana,AMBALA (SC),SC,Lok Sabha,BJP,255454264.0,247418280.9460929,43523908.60012118,17.04,35,5,High Risk,73.78
140,Anurag Singh Thakur,Himachal Pradesh,HAMIRPUR_HP,General,Lok Sabha,SP,149570117.11,139089227.44580016,59065184.65345482,39.49,70,17,High Risk,1.75
141,Kangana Ranaut,Himachal Pradesh,MANDI,General,Lok Sabha,TMC,147000000.0,117787744.62847492,113568806.7818515,77.26,33,28,Clean / Exemplary,0.0
142,Rajeev Bhardwaj,Himachal Pradesh,KANGRA,General,Lok Sabha,INC,179388967.11,154150216.0157112,96322981.14156434,53.7,37,22,Moderate Risk,22.03
143,Suresh Kumar Kashyap,Himachal Pradesh,SHIMLA (SC),SC,Lok Sabha,INC,153563957.11,138527972.2577993,49905681.22408516,32.5,55,11,High Risk,4.47
144,Abdul Rashid Sheikh,Jammu And Kashmir,BARAMULLAH,General,Lok Sabha,TDP,154773472.11,142426109.18898797,56089567.050027244,36.24,61,18,High Risk,5.29
145,Aga Syed Ruhullah Mehdi,Jammu And Kashmir,SRINAGAR,General,Lok Sabha,SHS,147000000.0,128088547.80479153,69394893.1090477,47.21,33,20,Moderate Risk,0.0
146,Jitendra Singh,Jammu And Kashmir,UDHAMPUR,General,Lok Sabha,INC,147000000.0,136001206.46724808,84913653.98542221,57.76,72,37,Moderate Risk,0.0
147,Mian Altaf Ahmad,Jammu And Kashmir,ANANTNAG,General,Lok Sabha,TMC,147000000.0,137205809.17185548,76192731.14472409,51.83,24,10,Moderate Risk,0.0
148,Shri Jugal Kishore Sharma,Jammu And Kashmir,JAMMU,General,Lok Sabha,SHS,147000000.0,135209968.14040998,83056761.40258536,56.5,22,10,Moderate Risk,0.0
149,Annpurna Devi,Jharkhand,KODARMA,General,Lok Sabha,JDU,166665931.8,154436034.30007744,56206603.3598117,33.72,37,14,High Risk,13.38
150,Bidyut Baran Mahato,Jharkhand,JAMSHEDPUR,General,Lok Sabha,INC,147000000.0,144246818.92178524,109368417.64893323,74.4,22,19,Clean / Exemplary,0.0
151,Dulu Mahato,Jharkhand,DHANBAD,General,Lok Sabha,DMK,147000000.0,135437422.36365595,102174855.4708487,69.51,42,38,Clean / Exemplary,0.0
152,Joba Majhi,Jharkhand,SINGHBHUM(ST),ST,Lok Sabha,AITC,147000000.0,141084227.13174576,119406802.11920413,81.23,79,59,Clean / Exemplary,0.0
153,Kali Charan Munda,Jharkhand,KHUNTI(ST),ST,Lok Sabha,TDP,147000000.0,141399772.59691143,120852177.41851774,82.21,57,49,Clean / Exemplary,0.0
154,Kali Charan Singh,Jharkhand,CHATRA,General,Lok Sabha,INC,147000000.0,128557042.40016204,86083223.43568043,58.56,31,13,Moderate Risk,0.0
155,Manish Jaiswal,Jharkhand,HAZARIBAGH,General,Lok Sabha,BJP,147000000.0,146112738.72530922,62862057.6087211,42.76,44,24,Moderate Risk,0.0
156,Nalin Soren,Jharkhand,DUMKA(ST),ST,Lok Sabha,CPI(M),147364097.11,118428643.30481711,92131192.87268141,62.52,27,13,Moderate Risk,0.25
157,Nishikant Dubey,Jharkhand,GODDA,General,Lok Sabha,INC,147000000.0,142291922.3042816,51219414.026556514,34.84,73,20,High Risk,0.0
158,Sanjay Seth,Jharkhand,RANCHI,General,Lok Sabha,BJP,147064357.11,124278703.57785547,64679279.09971859,43.98,31,12,Moderate Risk,0.04
159,Shri Chandra Prakash Choudhary,Jharkhand,GIRIDIH,General,Lok Sabha,BJP,147000000.0,145906624.49797636,106982679.88010907,72.78,62,53,Clean / Exemplary,0.0
160,Sukhdeo Bhagat,Jharkhand,LOHARDAGA(ST),ST,Lok Sabha,NCP,171821957.11,141746956.99676943,111338508.58740292,64.8,66,42,Moderate Risk,16.89
161,Vijay Kumar Hansdak,Jharkhand,RAJMAHAL(ST),ST,Lok Sabha,BSP,147223957.11,145774469.75687942,83410346.15194699,56.66,60,41,Moderate Risk,0.15
162,Vishnu Dayal Ram,Jharkhand,PALAMU(SC),SC,Lok Sabha,SP,158176083.11,132843084.86368465,88251663.1593485,55.79,72,43,Moderate Risk,7.6
163,Basavaraj Bommai,Karnataka,HAVERI,General,Lok Sabha,BJP,147000000.0,137680399.1384409,39770056.34173721,27.05,19,7,High Risk,0.0
164,Captain Brijesh Chowta,Karnataka,DAKSHINA KANNADA,General,Lok Sabha,BJP,147000000.0,146247207.34538528,65759944.26388084,44.73,79,48,Moderate Risk,0.0
165,Dr C N Manjunath,Karnataka,BANGALORE RURAL,General,Lok Sabha,INC,147000000.0,146102430.73829585,130486759.67989561,88.77,71,53,Clean / Exemplary,0.0
166,Dr. Prabha Mallikarjun,Karnataka,DAVANAGERE,General,Lok Sabha,DMK,147000000.0,143880441.94169816,111105191.97591344,75.58,66,48,Clean / Exemplary,0.0
167,Dr.K.Sudhakar,Karnataka,CHIKBALLAPUR,General,Lok Sabha,TMC,147000000.0,135576754.52177864,45179859.38064465,30.73,16,3,High Risk,0.0
168,E. Tukaram,Karnataka,BELLARY(ST),ST,Lok Sabha,INC,147000000.0,129306159.59157375,112013619.86073536,76.2,49,43,Clean / Exemplary,0.0
169,G. Kumar Naik,Karnataka,RAICHUR(ST),ST,Lok Sabha,Others,147000000.0,132364533.30373853,72064822.33151074,49.02,53,24,Moderate Risk,0.0
170,Govind Makthappa Karjol,Karnataka,CHITRADURGA(SC),SC,Lok Sabha,AITC,147000000.0,140050010.34829697,74277419.8480241,50.53,24,14,Moderate Risk,0.0
171,H.D. Kumaraswamy,Karnataka,MANDYA,General,Lok Sabha,RJD,147000000.0,121061881.83697017,57420423.89884306,39.06,52,12,High Risk,0.0
172,Jagadish Shettar,Karnataka,BELGAUM,General,Lok Sabha,BJP,147000000.0,134952781.60595116,111659893.94590797,75.96,38,28,Clean / Exemplary,0.0
173,K. Rajashekar Basavaraj Hitnal,Karnataka,KOPPAL,General,Lok Sabha,BJP,147000000.0,140519783.52286255,47564734.4933668,32.36,37,9,High Risk,0.0
174,Kota Srinivas Poojary,Karnataka,UDUPI CHIKMAGALUR,General,Lok Sabha,BSP,147000000.0,142436626.9066365,118781323.98263234,80.8,64,46,Clean / Exemplary,0.0
175,M. Mallesh Babu,Karnataka,KOLAR(SC),SC,Lok Sabha,NCP,147065957.11,127637079.17949633,95355750.25179045,64.84,67,30,Moderate Risk,0.04
176,P C Mohan,Karnataka,BANGALORE CENTRAL,General,Lok Sabha,YSR Congress,159995711.11,143892682.2558108,62842929.56619002,39.28,79,34,High Risk,8.84
177,Parvatagouda Chandanagouda Gaddigoudar,Karnataka,BAGALKOT,General,Lok Sabha,NCP,167541747.11,141864703.7927979,85048197.82232918,50.76,50,26,Moderate Risk,13.97
178,Pralhad Venkatesh Joshi,Karnataka,DHARWAD,General,Lok Sabha,RJD,147000000.0,132210726.3974314,91201156.90280752,62.04,79,34,Moderate Risk,0.0
179,Priyanka Satish Jarkiholi,Karnataka,CHIKKODI,General,Lok Sabha,BSP,147000000.0,131118132.458818,45043357.386937894,30.64,18,4,High Risk,0.0
180,Radhakrishna,Karnataka,GULBARGA(SC),SC,Lok Sabha,TMC,147000000.0,120826244.24111861,111878168.81275962,76.11,50,33,Clean / Exemplary,0.0
181,Ramesh Chandappa Jigajinagi,Karnataka,BIJAPUR(SC),SC,Lok Sabha,BJP,269500000.0,234755228.25216135,79937542.85599947,29.66,65,14,High Risk,83.33
182,Sagar Eshwar Khandre,Karnataka,BIDAR,General,Lok Sabha,BJP,147000000.0,119277408.80184689,97000685.57988866,65.99,33,27,Clean / Exemplary,0.0
183,Shobha Karandlaje,Karnataka,BANGALORE NORTH,General,Lok Sabha,INC,147000000.0,132129845.94915882,113946436.77440752,77.51,68,45,Clean / Exemplary,0.0
184,Shreyas. M. Patel,Karnataka,HASSAN,General,Lok Sabha,INC,147000000.0,130840318.77981915,54083046.20258671,36.79,63,26,High Risk,0.0
185,Shri B Y Raghavendra,Karnataka,SHIMOGA,General,Lok Sabha,TDP,147000000.0,133671457.67352098,75402015.45768118,51.29,39,20,Moderate Risk,0.0
186,Shri Ls Tejasvi Surya,Karnataka,BANGALORE SOUTH,General,Lok Sabha,AAP,147000000.0,124580543.97021931,94361547.21316563,64.19,48,26,Moderate Risk,0.0
187,Sunil Bose,Karnataka,CHAMARAJANAGAR(SC),SC,Lok Sabha,TDP,147000000.0,134908706.7506608,130343601.21294029,88.67,39,34,Clean / Exemplary,0.0
188,V. Somanna,Karnataka,TUMKUR,General,Lok Sabha,SP,147000000.0,126937051.78067684,94181487.0101597,64.07,15,8,Moderate Risk,0.0
189,Vishweshwar Hegde Kageri,Karnataka,UTTARA KANNADA,General,Lok Sabha,BJP,147000000.0,128745365.03095493,56935286.43530827,38.73,36,10,High Risk,0.0
190,Yaduveer Krishnadatta Chamaraja Wadiyar,Karnataka,MYSORE,General,Lok Sabha,INC,147000000.0,140355346.51769122,82808421.62533057,56.33,65,38,Moderate Risk,0.0
191,Adv Adoor Prakash,Kerala,ATTINGAL,General,Lok Sabha,BJP,147000000.0,137716450.9794574,112584087.12118386,76.59,43,40,Clean / Exemplary,0.0
192,Adv Dean Kuriakose,Kerala,IDUKKI,General,Lok Sabha,BJP,147000000.0,144334019.8211162,41957734.36552774,28.54,31,12,High Risk,0.0
193,Adv K Francis George,Kerala,KOTTAYAM,General,Lok Sabha,AITC,188722256.11,184752572.16832793,102075223.55989061,54.09,53,35,Moderate Risk,28.38
194,Anto Antony,Kerala,PATHANAMTHITTA,General,Lok Sabha,BJP,147000000.0,144017493.14269614,95465056.38927622,64.94,54,27,Moderate Risk,0.0
195,Dr Shashi Tharoor,Kerala,THIRUVANANTHAPURAM,General,Lok Sabha,Independent,147000000.0,121254338.37047502,125048548.94310129,85.07,62,57,Clean / Exemplary,0.0
196,Dr. M.P Abdussamad Samadani,Kerala,PONNANI,General,Lok Sabha,DMK,170434031.11,167245964.0800958,112457457.6558971,65.98,55,38,Clean / Exemplary,15.94
197,E.T. Mohammed Basheer,Kerala,MALAPPURAM,General,Lok Sabha,INC,163895872.11,155291379.73623216,109472977.01990043,66.79,44,34,Clean / Exemplary,11.49
198,K Radhakrishnan,Kerala,ALATHUR(SC),SC,Lok Sabha,INC,147000000.0,143446078.24232763,110314901.98336029,75.04,76,67,Clean / Exemplary,0.0
199,K. C Venugopal,Kerala,ALAPPUZHA,General,Lok Sabha,YSR Congress,147000000.0,132673042.22388536,126407099.55850443,85.99,29,25,Clean / Exemplary,0.0
200,Priyanka Gandhi Vadra,Kerala,WAYANAD,General,Lok Sabha,BJP,122500000.0,113179904.89499682,33560746.67544454,27.4,57,16,High Risk,-16.67
201,Shafi Parambil,Kerala,VADAKARA,General,Lok Sabha,JDU,147000000.0,125740991.92890759,61994776.57024849,42.17,78,50,Moderate Risk,0.0
202,Shri Benny Behanan,Kerala,CHALAKUDY,General,Lok Sabha,INC,164674770.11,133123896.83255973,113744178.84934615,69.07,63,52,Clean / Exemplary,12.02
203,Shri Hibi Eden,Kerala,ERNAKULAM,General,Lok Sabha,JDU,162177260.11,157385372.09589902,96864792.71407127,59.73,58,39,Moderate Risk,10.32
204,Shri Kumbakudi Sudhakaran,Kerala,KANNUR,General,Lok Sabha,JDU,147000000.0,130635372.42274812,109032216.57463309,74.17,54,39,Clean / Exemplary,0.0
205,Shri M K Raghavan,Kerala,KOZHIKODE,General,Lok Sabha,TMC,147000000.0,136775393.2306369,40124732.20897897,27.3,76,12,High Risk,0.0
206,Shri Nk Premachandran,Kerala,KOLLAM,General,Lok Sabha,TMC,171477994.11,138747946.35047734,68892421.43349274,40.18,24,16,Moderate Risk,16.65
207,Shri Rajmohan Unnithan,Kerala,KASARAGOD,General,Lok Sabha,BJP,156754633.11,141598737.05734357,85323432.31395273,54.43,15,9,Moderate Risk,6.64
208,Shri Suresh Kodikunnil,Kerala,MAVELIKKARA(SC),SC,Lok Sabha,INC,172429519.11,152490741.28249958,60797898.01788245,35.26,41,8,High Risk,17.3
209,Suresh Gopi,Kerala,THRISSUR,General,Lok Sabha,INC,147000000.0,142500884.3136876,40643287.240860045,27.65,73,25,High Risk,0.0
210,Vellalath Kochukrishnan Nair Sreekandan,Kerala,PALAKKAD,General,Lok Sabha,INC,167807990.11,164785538.10491604,103298066.00149845,61.56,39,20,Moderate Risk,14.16
211,Mohamed Haneefa,Ladakh,LADAKH,General,Lok Sabha,TDP,161114542.0,147278339.19809023,80375196.35887034,49.89,16,9,Moderate Risk,9.6
212,Muhammed Hamdullah Sayeed,Lakshadweep,LAKSHADWEEP(ST),ST,Lok Sabha,BSP,153942460.41,147717447.5387956,87291125.45384,56.7,43,27,Moderate Risk,4.72
213,Alok Sharma,Madhya Pradesh,BHOPAL,General,Lok Sabha,SP,147000000.0,124326666.06545371,55052170.37941923,37.45,20,5,High Risk,0.0
214,Anita Nagarsingh Chouhan,Madhya Pradesh,RATLAM(ST),ST,Lok Sabha,RJD,147000000.0,143393776.98940083,64495727.5230716,43.87,31,17,Moderate Risk,0.0
215,Ashish Dubey,Madhya Pradesh,JABALPUR,General,Lok Sabha,AAP,147000000.0,128169039.84586081,105625090.76690763,71.85,34,26,Clean / Exemplary,0.0
216,Bharat Singh Kushwah,Madhya Pradesh,GWALIOR,General,Lok Sabha,INC,151455276.04,144682588.69004256,105443474.69230054,69.62,37,34,Clean / Exemplary,3.03
217,Bharti Pardhi,Madhya Pradesh,BALAGHAT,General,Lok Sabha,BJP,154398389.01,151476614.9275648,101626454.22333898,65.82,20,18,Clean / Exemplary,5.03
218,Bunty Vivek Sahu,Madhya Pradesh,CHHINDWARA,General,Lok Sabha,TMC,147000000.0,136050207.55447146,94165119.8641185,64.06,52,32,Moderate Risk,0.0
219,Darshan Singh Choudhary,Madhya Pradesh,HOSHANGABAD,General,Lok Sabha,BJP,147000000.0,123253297.15297492,78170652.78304957,53.18,17,6,Moderate Risk,0.0
220,Dr. Lata Wankhede,Madhya Pradesh,SAGAR,General,Lok Sabha,SP,147000000.0,132379979.4687189,77009749.9454025,52.39,30,12,Moderate Risk,0.0
221,Dr. Rajesh Mishra,Madhya Pradesh,SIDHI,General,Lok Sabha,SP,262724510.35,248013857.57963544,47286073.09112765,18.0,56,18,High Risk,78.72
222,Durga Das Uikey,Madhya Pradesh,BETUL(ST),ST,Lok Sabha,BJP,151569502.91,149169911.60940474,105179607.26180378,69.39,71,65,Clean / Exemplary,3.11
223,Faggan Singh Kulaste,Madhya Pradesh,MANDLA(ST),ST,Lok Sabha,BJP,151861648.41,150679263.2577667,46353912.828015015,30.52,24,7,High Risk,3.31
224,Gajendra Singh Patel,Madhya Pradesh,KHARGONE(ST),ST,Lok Sabha,TMC,147000000.0,134206329.31792092,49021766.45629129,33.35,19,7,High Risk,0.0
225,Ganesh Singh,Madhya Pradesh,SATNA,General,Lok Sabha,BJD,147000000.0,118396622.17960243,45468102.26898099,30.93,29,12,High Risk,0.0
226,Gyaneshwar Patil,Madhya Pradesh,KHANDWA,General,Lok Sabha,Others,155690684.77,140921560.70791426,55385782.47070273,35.57,26,8,High Risk,5.91
227,Janardan Mishra,Madhya Pradesh,REWA,General,Lok Sabha,DMK,147000000.0,144515355.94908842,124608051.862072,84.77,17,15,Clean / Exemplary,0.0
228,Jyotiraditya M. Scindia,Madhya Pradesh,GUNA,General,Lok Sabha,BJP,147000000.0,128025891.43463884,105297218.83349693,71.63,33,23,Clean / Exemplary,0.0
229,Mahendra Singh Solanky,Madhya Pradesh,DEWAS(SC),SC,Lok Sabha,BJP,147000000.0,146892217.13206822,86546909.39148226,58.88,78,50,Moderate Risk,0.0
230,Rahul Singh Lodhi,Madhya Pradesh,DAMOH,General,Lok Sabha,INC,163058785.37,138752284.7560503,69489581.73819728,42.62,69,33,Moderate Risk,10.92
231,Rodmal Nagar,Madhya Pradesh,RAJGARH,General,Lok Sabha,INC,147000000.0,136303614.52242205,125417361.79525208,85.32,66,57,Clean / Exemplary,0.0
232,Savitri Thakur,Madhya Pradesh,DHAR(ST),ST,Lok Sabha,TMC,147000000.0,144331074.05232987,32195527.644110106,21.9,50,17,High Risk,0.0
233,Shankar Lalwani,Madhya Pradesh,INDORE,General,Lok Sabha,YSR Congress,147000000.0,120053844.09868787,45051530.743571885,30.65,72,22,High Risk,0.0
234,Shivmangal Singh Tomar,Madhya Pradesh,MORENA,General,Lok Sabha,SP,147000000.0,123109911.15646891,121007553.65553182,82.32,70,60,Clean / Exemplary,0.0
235,Shivraj Singh Chouhan,Madhya Pradesh,VIDISHA,General,Lok Sabha,SP,147000000.0,126841893.32760221,113681635.57636441,77.33,45,36,Clean / Exemplary,0.0
236,Shri Anil Firojiya,Madhya Pradesh,UJJAIN(SC),SC,Lok Sabha,BJP,147000000.0,126536024.1964773,60816468.632093646,41.37,57,38,Moderate Risk,0.0
237,Shri Sudheer Gupta,Madhya Pradesh,MANDSOUR,General,Lok Sabha,TMC,148988014.83,140116039.75360465,74935723.42924318,50.3,79,35,Moderate Risk,1.35
238,Smt Himadri Singh,Madhya Pradesh,SHAHDOL (ST),ST,Lok Sabha,BJP,150724861.11,140048186.78295183,66070391.22531722,43.84,56,35,Moderate Risk,2.53
239,Smt Sandhya Ray,Madhya Pradesh,BHIND(SC),SC,Lok Sabha,SP,147000000.0,131080576.46112758,45866565.962062664,31.2,33,8,High Risk,0.0
240,Virendra Kumar,Madhya Pradesh,TIKAMGARH(SC),SC,Lok Sabha,TDP,147000000.0,123832625.20814055,72258306.04290915,49.16,57,30,Moderate Risk,0.0
241,Vishnu Dutt Sharma,Madhya Pradesh,KHAJURAHO,General,Lok Sabha,BJP,147000000.0,120878459.04224554,58974447.47630816,40.12,48,21,Moderate Risk,0.0
242,Aashtikar Patil Nagesh Bapurao,Maharashtra,HINGOLI,General,Lok Sabha,SP,190289442.0,175015231.381284,68953669.56662348,36.24,25,9,High Risk,29.45
243,Adv Gowaal Kagada Padavi,Maharashtra,NANDURBAR(ST),ST,Lok Sabha,TMC,147816309.11,134415586.41700414,83517532.24353261,56.5,27,10,Moderate Risk,0.56
244,Amar Sharadrao Kale,Maharashtra,WARDHA,General,Lok Sabha,RJD,147000000.0,141358739.15919384,59215424.50482673,40.28,56,23,Moderate Risk,0.0
245,Amol Ramsing Kolhe,Maharashtra,SHIRUR,General,Lok Sabha,TDP,147000000.0,117804392.63761702,73349391.44964178,49.9,48,30,Moderate Risk,0.0
246,Anil Yeshwant Desai,Maharashtra,MUMBAI SOUTH CENTRAL,General,Lok Sabha,INC,147000000.0,145139861.66886,47342305.54461362,32.21,23,8,High Risk,0.0
247,Anup Sanjay Dhotre,Maharashtra,AKOLA,General,Lok Sabha,BJD,147000000.0,117748810.56507884,30346376.61135119,20.64,25,8,High Risk,0.0
248,Arvind Ganpat Sawant,Maharashtra,MUMBAI SOUTH,General,Lok Sabha,AAP,147000000.0,134359798.40062734,86694849.90696423,58.98,21,8,Moderate Risk,0.0
249,Bachhav Shobha Dinesh,Maharashtra,DHULE,General,Lok Sabha,BJP,147000000.0,122199249.05452994,101015745.80704151,68.72,31,24,Clean / Exemplary,0.0
250,Bajrang Manohar Sonwane,Maharashtra,BEED,General,Lok Sabha,BJP,165899107.19,136570555.23785666,73391951.98591083,44.24,17,7,Moderate Risk,12.86
251,Balwant Baswant Wankhade,Maharashtra,AMRAVATI(SC),SC,Lok Sabha,BJD,198293678.0,165096715.7637599,79504041.2747014,40.09,19,7,Moderate Risk,34.89
252,Balya Mama Suresh Gopinath Mhatre,Maharashtra,BHIWANDI,General,Lok Sabha,DMK,147000000.0,145242769.09789374,95504943.72742987,64.97,52,33,Moderate Risk,0.0
253,Bhaskar Murlidhar Bhagare,Maharashtra,DINDORI(ST),ST,Lok Sabha,CPI(M),147000000.0,134459073.91082463,62257373.30805368,42.35,56,31,Moderate Risk,0.0
254,Bhausaheb Rajaram Wakchaure,Maharashtra,SHIRDI(SC),SC,Lok Sabha,INC,147000000.0,137372042.60866493,75545044.21156912,51.39,63,30,Moderate Risk,0.0
255,Bhumare Sandipanrao Asaram,Maharashtra,AURANGABAD_MH,General,Lok Sabha,YSR Congress,147000000.0,120573006.67801003,44113844.083236806,30.01,20,3,High Risk,0.0
256,Chhatrapati Shahu Shahaji,Maharashtra,KOLHAPUR,General,Lok Sabha,BJP,147000000.0,137348000.1215322,127571850.70492251,86.78,55,35,Clean / Exemplary,0.0
257,Dhairyasheel Sambhajirao Mane,Maharashtra,HATKANANGLE,General,Lok Sabha,SP,147000000.0,118678486.16498359,67361213.51172958,45.82,31,20,Moderate Risk,0.0
258,Dhanorkar Pratibha Suresh Alias Balubhau,Maharashtra,CHANDRAPUR,General,Lok Sabha,TMC,147000000.0,133244136.46680027,102803672.38752045,69.93,21,19,Clean / Exemplary,0.0
259,Dr Kalge Shivaji Bandappa,Maharashtra,LATUR(SC),SC,Lok Sabha,DMK,147000000.0,122138263.82906155,92232802.367244,62.74,46,23,Moderate Risk,0.0
260,Dr. Hemant Vishnu Savara,Maharashtra,PALGHAR(ST),ST,Lok Sabha,BJD,147000000.0,132978123.48821211,46302950.607099175,31.5,38,8,High Risk,0.0
261,Dr. Kirsan Namdeo,Maharashtra,GADCHIROLI-CHIMUR(ST),ST,Lok Sabha,NCP,147000000.0,130510566.31196442,119663935.64966886,81.4,39,25,Clean / Exemplary,0.0
262,Dr. Prashant Yadaorao Padole,Maharashtra,BHANDARA-GONDIYA,General,Lok Sabha,TDP,159680283.39,138668968.82750055,84304143.56951584,52.8,68,39,Moderate Risk,8.63
263,Gaikwad Varsha Eknath,Maharashtra,MUMBAI NORTH-CENTRAL,General,Lok Sabha,BJP,147000000.0,144002796.10955697,36302169.52326919,24.7,28,6,High Risk,0.0
264,Kalyan Vaijinathrao Kale,Maharashtra,JALNA,General,Lok Sabha,BJD,147000000.0,134232519.74147627,114259671.39369783,77.73,32,29,Clean / Exemplary,0.0
265,Mohite Patil Dhairyasheel Rajsinh,Maharashtra,MADHA,General,Lok Sabha,BJP,195613601.7,182227579.23896667,72016970.91643195,36.82,79,17,High Risk,33.07
266,Murlidhar Mohol,Maharashtra,PUNE,General,Lok Sabha,BJP,147000000.0,127632686.132209,82813515.69051683,56.34,39,22,Moderate Risk,0.0
267,Narayan Tatu Rane,Maharashtra,RATNAGIRI-SINDHUDURG,General,Lok Sabha,INC,147000000.0,120581772.35640697,35601514.46079581,24.22,46,15,High Risk,0.0
268,Naresh Ganpat Mhaske,Maharashtra,THANE,General,Lok Sabha,SP,147000000.0,125615145.6215659,61433562.243152775,41.79,41,25,Moderate Risk,0.0
269,Nilesh Dnyandev Lanke,Maharashtra,AHMEDNAGAR,General,Lok Sabha,DMK,147000000.0,118876328.46593168,79156847.04748026,53.85,56,35,Moderate Risk,0.0
270,Nitin Jairam Gadkari,Maharashtra,NAGPUR,General,Lok Sabha,BSP,168195086.11,143800273.8505133,74236021.56297426,44.14,68,41,Moderate Risk,14.42
271,Omprakash Bhupalsinh Alias Pawan Rajenimbalkar,Maharashtra,OSMANABAD,General,Lok Sabha,BJD,184758519.11,170239974.30165523,51494853.63805308,27.87,50,13,High Risk,25.69
272,Piyush Vedprakash Goyal,Maharashtra,MUMBAI NORTH,General,Lok Sabha,DMK,147000000.0,120442287.61961357,100401503.2654465,68.3,44,32,Clean / Exemplary,0.0
273,Praniti Sushilkumar Shinde,Maharashtra,SOLAPUR(SC),SC,Lok Sabha,AITC,147000000.0,121021172.09783301,117011628.15197036,79.6,68,52,Clean / Exemplary,0.0
274,Prataprao Jadhav,Maharashtra,BULDHANA,General,Lok Sabha,BJD,147000000.0,141780928.57085022,65013661.86073813,44.23,23,12,Moderate Risk,0.0
275,Rajabhau,Maharashtra,NASHIK,General,Lok Sabha,BJP,152878682.11,124481672.61444478,51048761.29961296,33.39,15,5,High Risk,4.0
276,Ravindra Dattaram Waikar,Maharashtra,MUMBAI NORTH WEST,General,Lok Sabha,DMK,147000000.0,135342537.39793578,89080331.72635472,60.6,58,40,Moderate Risk,0.0
277,Ravindra Vasantrao Chavan,Maharashtra,NANDED,General,Lok Sabha,BSP,147000000.0,138405819.48138294,35424890.61920546,24.1,66,10,High Risk,0.0
278,Sanjay Dina Patil,Maharashtra,MUMBAI NORTH EAST,General,Lok Sabha,JDU,147000000.0,118241607.8651994,71701737.5076127,48.78,58,24,Moderate Risk,0.0
279,Sanjay Haribhau Jadhav,Maharashtra,PARBHANI,General,Lok Sabha,AITC,147000000.0,119136381.65100911,128533287.28057435,87.44,42,29,Clean / Exemplary,0.0
280,Sanjay Uttamrao Deshmukh,Maharashtra,YAVATMAL-WASHIM,General,Lok Sabha,TMC,185640423.0,152773486.78420687,93782723.18646638,50.52,70,33,Moderate Risk,26.29
281,Shrikant Eknath Shinde,Maharashtra,KALYAN,General,Lok Sabha,YSR Congress,147000000.0,137785743.45668265,55907782.97233999,38.03,22,7,High Risk,0.0
282,Shrimant Chh Udayanraje Pratapsinhamaharaj Bhonsle,Maharashtra,SATARA,General,Lok Sabha,INC,147000000.0,121158135.01426469,68897021.06532839,46.87,42,27,Moderate Risk,0.0
283,Shrirang Appa Barne,Maharashtra,MAVAL,General,Lok Sabha,INC,147000000.0,135053627.26153103,98196125.34778786,66.8,15,12,Clean / Exemplary,0.0
284,Shyamkumar,Maharashtra,RAMTEK(SC),SC,Lok Sabha,YSR Congress,147000000.0,143286738.64791054,94854283.17554191,64.53,62,26,Moderate Risk,0.0
285,Smita Uday Wagh,Maharashtra,JALGAON,General,Lok Sabha,DMK,148107373.11,128651021.53110282,47023443.573778614,31.75,62,13,High Risk,0.75
286,Smt Raksha Nikhil Khadse,Maharashtra,RAVER,General,Lok Sabha,BJP,153112586.11,152746217.27755502,83034746.8311905,54.23,44,29,Moderate Risk,4.16
287,Smt Supriya Sadanand Sule,Maharashtra,BARAMATI,General,Lok Sabha,INC,147000000.0,133517383.656019,69477686.98545906,47.26,25,16,Moderate Risk,0.0
288,Sunil Dattatray Tatkare,Maharashtra,RAIGAD,General,Lok Sabha,BSP,147000000.0,128964290.90059702,58807127.86361205,40.0,48,25,Moderate Risk,0.0
289,Vishal,Maharashtra,SANGLI,General,Lok Sabha,BJD,147000000.0,139314765.26909053,59786522.042141594,40.67,35,21,Moderate Risk,0.0
290,Alfred Kanngam S Arthur,Manipur,OUTER MANIPUR(ST),ST,Lok Sabha,INC,147000000.0,118347322.3262764,80211566.86589581,54.57,22,11,Moderate Risk,0.0
291,Angomcha Bimol Akoijam,Manipur,INNER MANIPUR,General,Lok Sabha,BJP,147000000.0,118798789.16171007,115352626.7961326,78.47,53,36,Clean / Exemplary,0.0
292,Andrew J. Syngkon,Meghalaya,SHILLONG,General,Lok Sabha,YSR Congress,98000000.0,88901183.80786528,44829922.90454077,45.74,20,9,Moderate Risk,-33.33
293,Saleng A Sangma,Meghalaya,TURA,General,Lok Sabha,JDU,147000000.0,124936658.27557549,56329514.85642473,38.32,32,10,High Risk,0.0
294,Richard Vanlalhmangaiha,Mizoram,MIZORAM (ST),ST,Lok Sabha,BJP,147000000.0,127248866.95611377,82626985.9078416,56.21,43,22,Moderate Risk,0.0
295,S Supongmeren Jamir,Nagaland,NAGALAND,General,Lok Sabha,INC,147000000.0,143258269.3642473,126195894.32236853,85.85,69,53,Clean / Exemplary,0.0
296,Ananta Nayak,Odisha,KEONJHAR(ST),ST,Lok Sabha,BJP,147000000.0,131989911.15216035,122860559.66596867,83.58,79,60,Clean / Exemplary,0.0
297,Anita Subhadarshini,Odisha,ASKA,General,Lok Sabha,DMK,147000000.0,133171727.0036666,97312358.33691703,66.2,30,20,Clean / Exemplary,0.0
298,Avimanyu Sethi,Odisha,BHADRAK(SC),SC,Lok Sabha,SHS,147000000.0,128189604.85749114,32538475.71872819,22.14,23,6,High Risk,0.0
299,Baijayant Panda,Odisha,KENDRAPARA,General,Lok Sabha,YSR Congress,147000000.0,129936241.83537702,105329592.72799456,71.65,31,24,Clean / Exemplary,0.0
300,Balabhadra Majhi,Odisha,NABARANGPUR(ST),ST,Lok Sabha,AAP,147413962.11,131911138.26292652,46625786.281733744,31.63,21,4,High Risk,0.28
301,Bibhu Prasad Tarai,Odisha,JAGATSINGHPUR(SC),SC,Lok Sabha,SP,147000000.0,128662031.81460893,126871878.61279905,86.31,20,14,Clean / Exemplary,0.0
302,Dharmendra Pradhan,Odisha,SAMBALPUR,General,Lok Sabha,BJP,147000000.0,125515750.98991181,75438732.54613347,51.32,39,16,Moderate Risk,0.0
303,Dr. Pradeep Kumar Panigrahy,Odisha,BERHAMPUR,General,Lok Sabha,BJP,147000000.0,139472021.0016367,45007345.124500096,30.62,17,7,High Risk,0.0
304,Malvika Devi,Odisha,KALAHANDI,General,Lok Sabha,JDU,147000000.0,122882683.40078513,42938314.79959503,29.21,30,11,High Risk,0.0
305,Naba Charan Majhi,Odisha,MAYURBHANJ (ST),ST,Lok Sabha,DMK,147563957.11,135992141.8959845,67809934.22690447,45.95,64,31,Moderate Risk,0.38
306,Pradeep Purohit,Odisha,BARGARH,General,Lok Sabha,BJP,147000000.0,128188010.37966266,33120903.15599802,22.53,20,4,High Risk,0.0
307,Pratap Chandra Sarangi,Odisha,BALASORE,General,Lok Sabha,INC,147064254.11,122755253.9612581,62042240.36673213,42.19,60,36,Moderate Risk,0.04
308,Rabindra Narayan Behera,Odisha,JAJPUR(SC),SC,Lok Sabha,BSP,147064617.11,117976155.42388764,92800002.63522302,63.1,42,17,Moderate Risk,0.04
309,Rudra Narayan Pany,Odisha,DHENKANAL,General,Lok Sabha,BJP,155013957.11,140073053.6178691,48004211.55310792,30.97,34,7,High Risk,5.45
310,Sambit Patra,Odisha,PURI,General,Lok Sabha,BSP,147000000.0,119521765.03239293,107542081.20280845,73.16,46,33,Clean / Exemplary,0.0
311,Saptagiri Sankar Ulaka,Odisha,KORAPUT(ST),ST,Lok Sabha,INC,269500000.0,250687469.8794364,76485303.98203894,28.38,50,11,High Risk,83.33
312,Shri Bhartruhari Mahtab,Odisha,CUTTACK,General,Lok Sabha,TDP,147000000.0,126191215.9755798,123870077.22129259,84.27,74,53,Clean / Exemplary,0.0
313,Shri Jual Oram,Odisha,SUNDARGARH (ST),ST,Lok Sabha,DMK,173096756.91,172938806.67985228,106944596.33465321,61.78,70,45,Moderate Risk,17.75
314,Smt Aparajita Sarangi,Odisha,BHUBANESWAR,General,Lok Sabha,BSP,147420861.41,131098999.05963138,60465030.39293244,41.02,66,37,Moderate Risk,0.29
315,Smt Sangeeta Kumari Singh Deo,Odisha,BOLANGIR,General,Lok Sabha,CPI(M),147000000.0,126830621.49089418,122018559.53239587,83.01,72,57,Clean / Exemplary,0.0
316,Sukanta Kumar Panigrahi,Odisha,KANDHAMAL,General,Lok Sabha,JDU,190712424.11,180114276.68568686,60708517.306296766,31.83,49,17,High Risk,29.74
317,Vaithilingam Ve,Puducherry,PUDUCHERRY,General,Lok Sabha,BJP,209368972.11,197098965.78490832,84446617.77677037,40.33,19,11,Moderate Risk,42.43
318,Amrinder Singh Raja Warring,Punjab,LUDHIANA,General,Lok Sabha,AAP,147000000.0,128290710.30995125,62657581.70493572,42.62,78,43,Moderate Risk,0.0
319,Charanjit Singh Channi,Punjab,JALANDHAR(SC),SC,Lok Sabha,Others,147000000.0,133929692.14471726,113047513.839485,76.9,64,51,Clean / Exemplary,0.0
320,Dr Dharamvira Gandhi,Punjab,PATIALA,General,Lok Sabha,BJP,147000000.0,140223092.23584294,86690901.69113337,58.97,27,12,Moderate Risk,0.0
321,Dr. Raj Kumar Chabbewal,Punjab,HOSHIARPUR(SC),SC,Lok Sabha,BJP,147000000.0,129280246.3424748,40784005.73269082,27.74,66,18,High Risk,0.0
322,Gurmeet Singh Meet Hayer,Punjab,SANGRUR,General,Lok Sabha,DMK,147000000.0,136224259.66288874,31712091.826140083,21.57,31,12,High Risk,0.0
323,Malvinder Singh Kang,Punjab,ANANDPUR SAHIB,General,Lok Sabha,TDP,147000000.0,132072968.97957222,129356555.17688471,88.0,31,25,Clean / Exemplary,0.0
324,Sarabjeet Singh Khalsa,Punjab,FARIDKOT(SC),SC,Lok Sabha,NCP,150850348.15,134535577.6039729,49012672.3260657,32.49,18,3,High Risk,2.62
325,Sher Singh Ghubaya,Punjab,FIROZPUR,General,Lok Sabha,DMK,147000000.0,133105548.89040668,46093817.45501713,31.36,61,22,High Risk,0.0
326,Shri Amar Singh,Punjab,FATEHGARH SAHIB(SC),SC,Lok Sabha,BJP,147000000.0,142758675.41183013,100023068.53899942,68.04,29,21,Clean / Exemplary,0.0
327,Shri Gurjeet Singh Aujla,Punjab,AMRITSAR,General,Lok Sabha,BJP,147000000.0,124711678.55080988,101809287.0807159,69.26,15,11,Clean / Exemplary,0.0
328,Smt Harsimrat Kaur Badal,Punjab,BHATINDA,General,Lok Sabha,YSR Congress,159775982.39,150367920.78488252,85141345.39032046,53.29,59,29,Moderate Risk,8.69
329,Sukhjinder Singh Randhawa,Punjab,GURDASPUR,General,Lok Sabha,AITC,147000000.0,121974601.50051041,57776482.77306463,39.3,45,18,High Risk,0.0
330,Amraram,Rajasthan,SIKAR,General,Lok Sabha,BJP,165691544.11,143741231.10096592,77372052.6890901,46.7,76,53,Moderate Risk,12.72
331,Bhagirath Chaudhary,Rajasthan,AJMER,General,Lok Sabha,YSR Congress,147000000.0,143397677.19769537,41559160.76226843,28.27,62,27,High Risk,0.0
332,Bhajan Lal Jatav,Rajasthan,KARAULI-DHOLPUR(SC),SC,Lok Sabha,BJP,147000000.0,139668073.69824123,112078187.73660089,76.24,67,47,Clean / Exemplary,0.0
333,Bhupender Yadav,Rajasthan,ALWAR,General,Lok Sabha,INC,147000000.0,128496879.1237666,38129800.77936625,25.94,67,29,High Risk,0.0
334,Brijendra Singh Ola,Rajasthan,JHUNJHUNU,General,Lok Sabha,BJP,147000000.0,143799607.5427233,30650695.4455821,20.85,49,15,High Risk,0.0
335,Chandra Prakash Joshi,Rajasthan,CHITTORGARH,General,Lok Sabha,NCP,147000000.0,146625918.20185938,32113161.67576723,21.85,24,4,High Risk,0.0
336,Damodar Agarwal,Rajasthan,BHILWARA,General,Lok Sabha,BJP,147000000.0,121364547.66535853,54110984.17227607,36.81,24,4,High Risk,0.0
337,Dushyant Singh,Rajasthan,JHALAWAR-BARAN,General,Lok Sabha,INC,147000000.0,119209992.18136773,82788436.07827282,56.32,36,18,Moderate Risk,0.0
338,Gajendra Singh Shekhawat,Rajasthan,JODHPUR,General,Lok Sabha,TMC,147000000.0,130558424.75998391,109201791.75791658,74.29,41,29,Clean / Exemplary,0.0
339,Harish Chandra Meena,Rajasthan,TONK-SAWAI MADHOPUR,General,Lok Sabha,BJP,147000000.0,144483711.2101938,91193184.93862294,62.04,42,18,Moderate Risk,0.0
340,Kuldeep Indora,Rajasthan,GANGANAGAR(SC),SC,Lok Sabha,BSP,147000000.0,118764793.4652417,100913636.08242121,68.65,46,41,Clean / Exemplary,0.0
341,Lumbaram,Rajasthan,JALORE,General,Lok Sabha,BJP,147000000.0,133514112.25785147,32650214.302558567,22.21,61,16,High Risk,0.0
342,Mahima Kumari Mewar,Rajasthan,RAJSAMAND,General,Lok Sabha,INC,183892143.0,183437913.36168775,69446500.0811617,37.76,17,7,High Risk,25.1
343,Manju Sharma,Rajasthan,JAIPUR,General,Lok Sabha,BJP,167082901.11,154289195.8414587,105521765.3143952,63.16,60,39,Moderate Risk,13.66
344,Manna Lal Rawat,Rajasthan,UDAIPUR(ST),ST,Lok Sabha,BJP,147000000.0,139250219.24292982,46588612.32300774,31.69,58,11,High Risk,0.0
345,Murari Lal Meena,Rajasthan,DAUSA(ST),ST,Lok Sabha,BJP,147000000.0,119751960.15879226,53843291.06696829,36.63,54,19,High Risk,0.0
346,Om Birla,Rajasthan,KOTA,General,Lok Sabha,SP,163906956.6,159409253.90869695,87631770.14595805,53.46,29,12,Moderate Risk,11.5
347,Rahul Kaswan,Rajasthan,CHURU,General,Lok Sabha,JDU,147000000.0,145686839.7832155,76677072.46897604,52.16,66,39,Moderate Risk,0.0
348,Raj Kumar Roat,Rajasthan,BANSWARA(ST),ST,Lok Sabha,YSR Congress,147000000.0,119559569.9924843,121507615.51870258,82.66,48,45,Clean / Exemplary,0.0
349,Rao Rajendra Singh,Rajasthan,JAIPUR RURAL,General,Lok Sabha,YSR Congress,147000000.0,128051494.5069759,100979107.27452143,68.69,66,46,Clean / Exemplary,0.0
350,Sanjna Jatav,Rajasthan,BHARATPUR(SC),SC,Lok Sabha,AAP,147000000.0,133580023.5898738,103777591.80015299,70.6,20,14,Clean / Exemplary,0.0
351,Shri Arjun Ram Meghwal,Rajasthan,BIKANER(SC),SC,Lok Sabha,BSP,147000000.0,140780351.89164698,125951565.81834887,85.68,58,49,Clean / Exemplary,0.0
352,Shri Hanuman Beniwal,Rajasthan,NAGAUR,General,Lok Sabha,YSR Congress,147000000.0,126338791.54663335,77636223.64629765,52.81,34,20,Moderate Risk,0.0
353,Shri Pp Chaudhary,Rajasthan,PALI,General,Lok Sabha,INC,147000000.0,131772007.10849524,57884192.27172537,39.38,27,4,High Risk,0.0
354,Ummeda Ram Beniwal,Rajasthan,BARMER,General,Lok Sabha,AAP,147000000.0,124712791.40127657,93690259.48102951,63.73,61,30,Moderate Risk,0.0
355,Indra Hang Subba,Sikkim,SIKKIM,General,Lok Sabha,SP,152003923.11,128137494.64410876,85953425.24904323,56.55,17,9,Moderate Risk,3.4
356,Andimuthu Raja,Tamil Nadu,NILGIRIS(SC),SC,Lok Sabha,BSP,147000000.0,124586543.79337655,54307487.43853339,36.94,62,13,High Risk,0.0
357,Arun Nehru,Tamil Nadu,PERAMBALUR,General,Lok Sabha,BJP,147000000.0,136576885.49967074,103740322.66040888,70.57,26,23,Clean / Exemplary,0.0
358,Cn Annadurai,Tamil Nadu,TIRUVANNAMALAI,General,Lok Sabha,BJP,148579509.11,119295815.14502062,86418583.26038611,58.16,37,21,Moderate Risk,1.07
359,D M Kathir Anand,Tamil Nadu,VELLORE,General,Lok Sabha,INC,160196941.11,157126244.3151819,85860285.90931964,53.6,37,17,Moderate Risk,8.98
360,D Ravikumar,Tamil Nadu,VILUPPURAM(SC),SC,Lok Sabha,INC,197598306.11,182663300.53171745,79868612.25239685,40.42,71,35,Moderate Risk,34.42
361,Dr Rani Sri Kumar,Tamil Nadu,TENKASI(SC),SC,Lok Sabha,TMC,153060922.82,135056088.33088267,92462747.96127564,60.41,37,16,Moderate Risk,4.12
362,Durai Vaiko,Tamil Nadu,TIRUCHIRAPPALLI,General,Lok Sabha,RJD,147000000.0,130854677.51928149,105180111.84578396,71.55,22,20,Clean / Exemplary,0.0
363,Eswarasamy K,Tamil Nadu,POLLACHI,General,Lok Sabha,INC,162315106.11,148699736.8243221,75893703.34840406,46.76,56,25,Moderate Risk,10.42
364,Ganapathy Rajkumar P,Tamil Nadu,COIMBATORE,General,Lok Sabha,BJP,147370490.11,143296745.95570257,77200934.99708596,52.39,76,32,Moderate Risk,0.25
365,Ganesan Selvam,Tamil Nadu,KANCHEEPURAM(SC),SC,Lok Sabha,BJD,186508749.11,164453499.08200374,67514823.36063384,36.2,16,2,High Risk,26.88
366,Gopinath K,Tamil Nadu,KRISHNAGIRI,General,Lok Sabha,YSR Congress,147000000.0,129636702.57442248,90141349.58477372,61.32,50,31,Moderate Risk,0.0
367,K E Prakash,Tamil Nadu,ERODE,General,Lok Sabha,BJD,147000000.0,124016664.3032329,73417855.46142022,49.94,76,50,Moderate Risk,0.0
368,K Subbarayan,Tamil Nadu,TIRUPPUR,General,Lok Sabha,BJP,147000000.0,146740357.6084271,77495615.5076116,52.72,30,20,Moderate Risk,0.0
369,Kalanidhi Veeraswamy,Tamil Nadu,CHENNAI NORTH,General,Lok Sabha,TDP,171500000.0,146310081.46079263,91243913.85767385,53.2,23,12,Moderate Risk,16.67
370,Kani K Navas,Tamil Nadu,RAMANATHAPURAM,General,Lok Sabha,YSR Congress,147000000.0,125238225.2832863,92881779.90086387,63.18,56,35,Moderate Risk,0.0
371,Kanimozhi Karunanidhi,Tamil Nadu,THOOTHUKKUDI,General,Lok Sabha,BJP,147000000.0,139974220.33355963,84964495.57276154,57.8,50,21,Moderate Risk,0.0
372,M.K. Vishnuprasad,Tamil Nadu,CUDDALORE,General,Lok Sabha,DMK,147000000.0,141628554.4368973,37643817.692983076,25.61,44,16,High Risk,0.0
373,Malaiyarasan D,Tamil Nadu,KALLAKURICHI,General,Lok Sabha,YSR Congress,201599593.0,186744131.0651285,105579521.99333297,52.37,62,37,Moderate Risk,37.14
374,Mani. A.,Tamil Nadu,DHARAMAPURI,General,Lok Sabha,TMC,164515071.11,143431917.5503775,106655114.1037491,64.83,53,36,Moderate Risk,11.92
375,Manickam Tagore B,Tamil Nadu,VIRUDHUNAGAR,General,Lok Sabha,Independent,147000000.0,125189122.92141315,46226606.488998845,31.45,57,9,High Risk,0.0
376,Murasoli S,Tamil Nadu,THANJAVUR,General,Lok Sabha,TMC,147000000.0,128765701.93726936,98159096.97131115,66.77,71,47,Clean / Exemplary,0.0
377,Robert Bruce C,Tamil Nadu,TIRUNELVELI,General,Lok Sabha,YSR Congress,147475440.11,139678800.39702356,49469186.97737467,33.54,79,14,High Risk,0.32
378,S Venkatesan,Tamil Nadu,MADURAI,General,Lok Sabha,TMC,147000000.0,131799284.83930945,48549835.89638194,33.03,23,8,High Risk,0.0
379,S. Jagathrakshakan,Tamil Nadu,ARAKKONAM,General,Lok Sabha,TMC,180589332.34,160249581.21550706,49514065.15149774,27.42,62,9,High Risk,22.85
380,Sachithanantham R,Tamil Nadu,DINDIGUL,General,Lok Sabha,YSR Congress,147000000.0,121579410.01896396,108171277.30618519,73.59,63,52,Clean / Exemplary,0.0
381,Sasikanth Senthil,Tamil Nadu,TIRUVALLUR(SC),SC,Lok Sabha,BJP,171500000.0,142849427.92272776,105388684.47774467,61.45,36,19,Moderate Risk,16.67
382,Selvaganapathi T M,Tamil Nadu,SALEM,General,Lok Sabha,YSR Congress,147000000.0,141058676.2927073,110984719.71858206,75.5,40,36,Clean / Exemplary,0.0
383,Selvaraj V,Tamil Nadu,NAGAPATTINAM(SC),SC,Lok Sabha,BJP,147000000.0,138059434.07416278,123562768.03908473,84.06,66,58,Clean / Exemplary,0.0
384,Shri Karti P Chidambaram,Tamil Nadu,SIVAGANGA,General,Lok Sabha,INC,159049284.11,137321452.86585698,84090778.53987062,52.87,43,17,Moderate Risk,8.2
385,Shri Vijayakumar Vasanth,Tamil Nadu,KANNIYAKUMARI,General,Lok Sabha,BJP,171500000.0,159028566.99729088,116967151.08787023,68.2,18,12,Clean / Exemplary,16.67
386,Smt S Jothimani,Tamil Nadu,KARUR,General,Lok Sabha,TMC,147000000.0,118409579.56416228,100223418.86178637,68.18,47,43,Clean / Exemplary,0.0
387,Sudha R,Tamil Nadu,MAYILADUTHURAI,General,Lok Sabha,YSR Congress,147332315.11,132271941.97004826,52402963.438974634,35.57,41,12,High Risk,0.23
388,T Sumathy (A) Thamizhachi Thangapandian,Tamil Nadu,CHENNAI SOUTH,General,Lok Sabha,CPI(M),147000000.0,117860580.582336,58084390.8714575,39.51,79,14,High Risk,0.0
389,Thalikkottai Rajuthevar Baalu,Tamil Nadu,SRIPERUMBUDUR,General,Lok Sabha,INC,196905535.11,173556732.30560705,78031368.21661183,39.63,19,7,High Risk,33.95
390,Thanga Tamilselvan,Tamil Nadu,THENI,General,Lok Sabha,NCP,147000000.0,145462027.96335545,65293632.94545942,44.42,19,10,Moderate Risk,0.0
391,Tharaniventhan M S,Tamil Nadu,ARANI,General,Lok Sabha,BJP,168337124.35,137257447.62471253,114813676.27237566,68.2,47,32,Clean / Exemplary,14.52
392,Thiru Dayanidhi Maran,Tamil Nadu,CHENNAI CENTRAL,General,Lok Sabha,BJP,147000000.0,119743313.95981637,111155649.52809805,75.62,41,27,Clean / Exemplary,0.0
393,Thirumaa Valavan Thol,Tamil Nadu,CHIDAMBARAM(SC),SC,Lok Sabha,BJP,147000000.0,141222392.6529284,59785391.83753337,40.67,75,30,Moderate Risk,0.0
394,V S Matheswaran,Tamil Nadu,NAMAKKAL,General,Lok Sabha,TMC,162539930.11,139273122.32730445,99171862.6720333,61.01,23,10,Moderate Risk,10.57
395,Aruna. D. K,Telangana,MAHABUBNAGAR,General,Lok Sabha,RJD,147000000.0,128482665.78751007,126173188.3299149,85.83,16,13,Clean / Exemplary,0.0
396,Arvind Dharmapuri,Telangana,NIZAMABAD,General,Lok Sabha,TDP,281396355.11,242953223.50902587,58780822.26541185,20.89,26,5,High Risk,91.43
397,Asaduddin Owaisi,Telangana,HYDERABAD,General,Lok Sabha,BJP,147000000.0,132838891.77949385,92684243.62734458,63.05,72,42,Moderate Risk,0.0
398,Balram Naik Porika,Telangana,MAHABUBABAD,General,Lok Sabha,BJP,147000000.0,128613610.87001826,92770975.08957307,63.11,55,25,Moderate Risk,0.0
399,Chamala Kiran Kumar Reddy,Telangana,BHONGIR,General,Lok Sabha,SHS,147000000.0,145524117.45078257,46133283.05858931,31.38,62,21,High Risk,0.0
400,Dr.Mallu Ravi,Telangana,NAGARKURNOOL(SC),SC,Lok Sabha,DMK,147000000.0,138081534.22198063,119141550.23035319,81.05,74,55,Clean / Exemplary,0.0
401,Eatala Rajender,Telangana,MALKAJGIRI,General,Lok Sabha,BJP,327477390.86,273534462.71254325,63832208.90719152,19.49,47,14,High Risk,122.77
402,Godam Nagesh,Telangana,ADILABAD(ST),ST,Lok Sabha,INC,147000000.0,125227048.94288,121255919.0698207,82.49,39,33,Clean / Exemplary,0.0
403,Kadiyam Kavya,Telangana,WARANGEL(SC),SC,Lok Sabha,JDU,147000000.0,144875917.12593925,35352011.41837349,24.05,79,25,High Risk,0.0
404,Kishan Reddy Gangapuram,Telangana,SECUNDERABAD,General,Lok Sabha,BJP,147000000.0,146528942.85001895,95104320.01463442,64.7,41,24,Moderate Risk,0.0
405,Konda Vishweshwar Reddy,Telangana,CHELVELLA,General,Lok Sabha,TMC,233721420.96,232234645.5152724,52284713.28726217,22.37,27,11,High Risk,58.99
406,Kunduru Raghuveer,Telangana,NALGONDA,General,Lok Sabha,Others,162952022.0,135005604.9683579,55725040.49682494,34.2,47,16,High Risk,10.85
407,Madhavaneni Raghunandan Rao,Telangana,MEDAK,General,Lok Sabha,TDP,147000000.0,124044891.22832651,54826922.779644065,37.3,78,20,High Risk,0.0
408,Ramasahayam Raghuram Reddy,Telangana,KHAMMAM,General,Lok Sabha,TMC,147000000.0,126347924.46877332,85196208.44511119,57.96,51,30,Moderate Risk,0.0
409,Sanjay Kumar Bandi,Telangana,KARIMNAGAR,General,Lok Sabha,TMC,172775317.11,171807959.4999398,65523147.660521775,37.92,54,20,High Risk,17.53
410,Suresh Kumar Shetkar,Telangana,ZAHIRABAD,General,Lok Sabha,TMC,147000000.0,137819028.0474585,124724770.23252591,84.85,61,52,Clean / Exemplary,0.0
411,Vamsi Krishna Gaddam,Telangana,PEDDAPALLE,General,Lok Sabha,BJP,148451721.11,140759073.35063103,94376013.84664847,63.57,35,16,Moderate Risk,0.99
412,Kalaben Mohanbhai Delkar,The Dadra And Nagar Haveli And Daman And Diu,DADRA & NAGAR HAVELI (ST),ST,Lok Sabha,BJP,147000000.0,133387048.03306636,113349228.56153458,77.11,53,35,Clean / Exemplary,0.0
413,Patel Umeshbhai Babubhai,The Dadra And Nagar Haveli And Daman And Diu,DAMAN AND DIU,General,Lok Sabha,DMK,245063957.0,211947668.18542302,79894726.28415209,32.6,36,13,High Risk,66.71
414,Biplab Kumar Deb,Tripura,TRIPURA WEST,General,Lok Sabha,SP,147000000.0,134751041.6938565,41493450.79336409,28.23,77,33,High Risk,0.0
415,Kriti Devi Debbarman,Tripura,TRIPURA EAST(ST),ST,Lok Sabha,TMC,147000000.0,135240604.11470753,36854784.75406011,25.07,33,14,High Risk,0.0
416,Aditya Yadav,Uttar Pradesh,BADAUN,General,Lok Sabha,BJP,147000000.0,145497234.795248,91916365.26065801,62.53,77,45,Moderate Risk,0.0
417,Afzal Ansari,Uttar Pradesh,GHAZIPUR,General,Lok Sabha,BJP,220500000.0,178394523.44095474,116106980.64677918,52.66,36,22,Moderate Risk,50.0
418,Ajendra Singh Lodhi,Uttar Pradesh,HAMIRPUR_UP,General,Lok Sabha,INC,147000000.0,119468615.4984091,118213342.52259858,80.42,35,23,Clean / Exemplary,0.0
419,Akhilesh Yadav,Uttar Pradesh,KANNAUJ,General,Lok Sabha,YSR Congress,147000000.0,143684054.631744,62861363.83655227,42.76,45,21,Moderate Risk,0.0
420,Akshaya Yadav,Uttar Pradesh,FIROZABAD,General,Lok Sabha,BSP,147000000.0,134101549.6085432,41706247.90705125,28.37,65,14,High Risk,0.0
421,Anand Bhadauriya,Uttar Pradesh,DHAURAHRA,General,Lok Sabha,TMC,147000000.0,126445822.30861303,128435826.64954324,87.37,33,30,Clean / Exemplary,0.0
422,Anand Kumar,Uttar Pradesh,BAHRAICH(SC),SC,Lok Sabha,TMC,147000000.0,119113475.28674969,33195666.882781424,22.58,33,5,High Risk,0.0
423,Anoop Pradhan Balmiki,Uttar Pradesh,HATHRAS (SC),SC,Lok Sabha,JDU,147000000.0,143680340.87339446,65333665.2276428,44.44,65,38,Moderate Risk,0.0
424,Anurag Sharma,Uttar Pradesh,JHANSI,General,Lok Sabha,BJD,147000000.0,124193517.69814046,85864706.9258217,58.41,61,29,Moderate Risk,0.0
425,Arun Govil,Uttar Pradesh,MEERUT,General,Lok Sabha,DMK,147000000.0,132080020.1982746,111186083.13443564,75.64,27,21,Clean / Exemplary,0.0
426,Ashok Kumar Rawat,Uttar Pradesh,MISRIKH(SC),SC,Lok Sabha,TDP,147000000.0,144449272.24516025,112683262.89873904,76.66,48,33,Clean / Exemplary,0.0
427,Atul Garg,Uttar Pradesh,GHAZIABAD,General,Lok Sabha,DMK,155336470.0,133171237.32299756,48834199.374143764,31.44,53,11,High Risk,5.67
428,Awadhesh Prasad,Uttar Pradesh,FAIZABAD,General,Lok Sabha,BJP,147000000.0,135912979.9890786,83138831.45963937,56.56,20,12,Moderate Risk,0.0
429,Babu Singh Kushwaha,Uttar Pradesh,JAUNPUR,General,Lok Sabha,BJP,147000000.0,145901863.391531,74570159.19060996,50.73,69,44,Moderate Risk,0.0
430,Bhola Singh,Uttar Pradesh,BULANDSHAHR(SC),SC,Lok Sabha,JDU,147000000.0,127916901.36903112,85946521.99111238,58.47,22,12,Moderate Risk,0.0
431,Chandan Chauhan,Uttar Pradesh,BIJNOR,General,Lok Sabha,AITC,147000000.0,143062278.351312,92520423.66179278,62.94,17,10,Moderate Risk,0.0
432,Chandra Shekhar,Uttar Pradesh,NAGINA(SC),SC,Lok Sabha,Independent,147000000.0,142358296.34018984,90536050.6097347,61.59,69,39,Moderate Risk,0.0
433,Chhatra Pal Singh Gangwar,Uttar Pradesh,BAREILLY,General,Lok Sabha,BJP,147000000.0,130845997.57811676,126616393.60490185,86.13,23,15,Clean / Exemplary,0.0
434,Chhotelal,Uttar Pradesh,ROBERTSGANJ(SC),SC,Lok Sabha,BJD,147000000.0,132897046.40657152,66254943.685579285,45.07,65,32,Moderate Risk,0.0
435,Daroga Prasad Saroj,Uttar Pradesh,LALGANJ (SC),SC,Lok Sabha,BJP,147000000.0,127762618.12972158,43685316.065624304,29.72,73,20,High Risk,0.0
436,Devendra Alias Bhole Singh,Uttar Pradesh,AKBARPUR,General,Lok Sabha,INC,147000000.0,132400467.7631328,76814135.23056749,52.25,59,35,Moderate Risk,0.0
437,Devesh Shakya,Uttar Pradesh,ETAH,General,Lok Sabha,BJP,147000000.0,141302317.625916,124157770.01472358,84.46,63,46,Clean / Exemplary,0.0
438,Dharmendra Yadav,Uttar Pradesh,AZAMGARH,General,Lok Sabha,BJP,147000000.0,127228422.1540307,31465326.25132804,21.4,22,8,High Risk,0.0
439,Dr Rajkumar Sangwan,Uttar Pradesh,BAGHPAT,General,Lok Sabha,NCP,147000000.0,125086435.25005466,131266907.91292536,89.3,59,42,Clean / Exemplary,0.0
440,Dr. S P Singh,Uttar Pradesh,PRATAPGARH,General,Lok Sabha,BJP,147000000.0,127763462.20901524,100807294.9356646,68.58,26,20,Clean / Exemplary,0.0
441,Harendra Singh Malik,Uttar Pradesh,MUZAFFARNAGAR,General,Lok Sabha,BJD,147000000.0,141994409.02899173,57600282.2087135,39.18,28,7,High Risk,0.0
442,Imran Masood,Uttar Pradesh,SAHARANPUR,General,Lok Sabha,BJP,147000000.0,134252296.42472878,65998722.524243265,44.9,45,23,Moderate Risk,0.0
443,Iqra Choudhary,Uttar Pradesh,KAIRANA,General,Lok Sabha,BJP,147000000.0,132193167.66771635,56386970.158452004,38.36,53,8,High Risk,0.0
444,Jagdambika Pal,Uttar Pradesh,DOMARIYAGANJ,General,Lok Sabha,TDP,160643957.11,152040666.33745044,60089381.644999966,37.41,67,14,High Risk,9.28
445,Jai Prakash,Uttar Pradesh,HARDOI (SC),SC,Lok Sabha,AITC,147000000.0,118759148.25423408,52162451.56323706,35.48,60,22,High Risk,0.0
446,Jitendra Kumar Dohare,Uttar Pradesh,ETAWAH(SC),SC,Lok Sabha,SP,188747306.26,153465011.66256216,86613615.81282151,45.89,35,22,Moderate Risk,28.4
447,Jitin Prasada,Uttar Pradesh,PILIBHIT,General,Lok Sabha,BJP,147000000.0,143180906.89268735,92772322.06395914,63.11,16,7,Moderate Risk,0.0
448,Kamlesh Paswan,Uttar Pradesh,BANSGAON(SC),SC,Lok Sabha,INC,147000000.0,139459142.73497325,114376543.63311408,77.81,25,18,Clean / Exemplary,0.0
449,Kanwar Singh Tanwar,Uttar Pradesh,AMROHA,General,Lok Sabha,YSR Congress,147000000.0,145001626.3019945,128491877.19709055,87.41,21,16,Clean / Exemplary,0.0
450,Karan Bhushan Singh,Uttar Pradesh,KAISERGANJ,General,Lok Sabha,BJP,147000000.0,126448328.86823641,125840811.33663082,85.61,61,48,Clean / Exemplary,0.0
451,Kirti Vardhan Singh,Uttar Pradesh,GONDA,General,Lok Sabha,INC,147000000.0,145342308.0529274,127243860.55556722,86.56,42,38,Clean / Exemplary,0.0
452,Kishori Lal,Uttar Pradesh,AMETHI,General,Lok Sabha,BJP,171500000.0,138267899.04293874,112785205.37238862,65.76,57,49,Clean / Exemplary,16.67
453,Krishna Devi Shivshanker Patel,Uttar Pradesh,BANDA,General,Lok Sabha,TMC,147000000.0,119487742.75000896,73678476.58515471,50.12,52,26,Moderate Risk,0.0
454,Lalji Verma,Uttar Pradesh,AMBEDKAR NAGAR,General,Lok Sabha,DMK,147000000.0,117887262.91412401,93008225.06133445,63.27,36,22,Moderate Risk,0.0
455,Laxmikant Pappu Nishad,Uttar Pradesh,SANT KABIR NAGAR,General,Lok Sabha,DMK,147000000.0,137870270.0926356,70243405.12114424,47.78,67,45,Moderate Risk,0.0
456,Mahesh Sharma,Uttar Pradesh,GAUTAM BUDDHA NAGAR,General,Lok Sabha,TDP,148816284.11,140695947.0644695,59983849.2117881,40.31,63,38,Moderate Risk,1.24
457,Mohibbullah,Uttar Pradesh,RAMPUR,General,Lok Sabha,BJD,147000000.0,123940849.4804929,125194620.76766802,85.17,57,50,Clean / Exemplary,0.0
458,Mukesh Rajput,Uttar Pradesh,FARRUKHABAD,General,Lok Sabha,DMK,147000000.0,117769304.61864477,113555140.84440972,77.25,36,33,Clean / Exemplary,0.0
459,Narayan Das Ahirwar,Uttar Pradesh,JALAUN(SC),SC,Lok Sabha,JDU,147000000.0,124758379.51934321,30178219.83525082,20.53,75,19,High Risk,0.0
460,Naresh Chandra Uttam Patel,Uttar Pradesh,FATEHPUR,General,Lok Sabha,INC,147000000.0,141208961.39628032,55822308.81844027,37.97,50,12,High Risk,0.0
461,Neeraj Maurya,Uttar Pradesh,AONLA,General,Lok Sabha,DMK,147000000.0,125142945.8408201,102360860.33123833,69.63,77,51,Clean / Exemplary,0.0
462,Pankaj Chowdhary,Uttar Pradesh,MAHARAJGANJ_UP,General,Lok Sabha,INC,147000000.0,130189068.67881307,43439650.538087845,29.55,61,20,High Risk,0.0
463,Praveen Patel,Uttar Pradesh,PHULPUR,General,Lok Sabha,BJP,151559884.09,150441830.20755652,49600840.150445215,32.73,50,11,High Risk,3.1
464,Priya Saroj,Uttar Pradesh,MACHHLISHAHR(SC),SC,Lok Sabha,INC,147000000.0,132480570.76750319,128783100.38266635,87.61,43,30,Clean / Exemplary,0.0
465,Prof Sp Singh Baghel,Uttar Pradesh,AGRA(SC),SC,Lok Sabha,INC,147000000.0,120570746.84371302,44037460.03791249,29.96,59,20,High Risk,0.0
466,Pushpendra Saroj,Uttar Pradesh,KAUSHAMBI(SC),SC,Lok Sabha,Others,147000000.0,141530725.92347696,35809826.02758346,24.36,54,23,High Risk,0.0
467,R.K. Chaudhary,Uttar Pradesh,MOHANLALGANJ(SC),SC,Lok Sabha,BJP,147000000.0,128412124.91579233,120631573.748244,82.06,41,27,Clean / Exemplary,0.0
468,Rahul Gandhi,Uttar Pradesh,RAE BARELI,General,Lok Sabha,TMC,147000000.0,128651115.58328561,62809152.876987174,42.73,40,23,Moderate Risk,0.0
469,Rajeev Rai,Uttar Pradesh,GHOSI,General,Lok Sabha,BJP,147000000.0,122718814.45882209,109111848.35854362,74.23,21,17,Clean / Exemplary,0.0
470,Rajkumar Chahar,Uttar Pradesh,FATEHPUR SIKRI,General,Lok Sabha,INC,147000000.0,144885659.02558586,96951648.69441164,65.95,29,19,Clean / Exemplary,0.0
471,Rajnath Singh,Uttar Pradesh,LUCKNOW,General,Lok Sabha,INC,154808797.11,142824725.58141664,69488530.84671766,44.89,76,33,Moderate Risk,5.31
472,Rakesh Rathor,Uttar Pradesh,SITAPUR,General,Lok Sabha,TMC,147000000.0,142354757.45496783,55355600.97583891,37.66,62,25,High Risk,0.0
473,Ram Prasad Chaudhary,Uttar Pradesh,BASTI,General,Lok Sabha,BJP,204176957.11,168720761.713557,108462152.19208243,53.12,62,35,Moderate Risk,38.9
474,Ram Shiromani,Uttar Pradesh,SHRAWASTI,General,Lok Sabha,TMC,151746878.11,146912314.47166473,95162611.7409792,62.71,62,37,Moderate Risk,3.23
475,Ramashankar Rajbhar,Uttar Pradesh,SALEMPUR,General,Lok Sabha,YSR Congress,160056927.07,152410096.5251846,92121423.94093052,57.56,25,13,Moderate Risk,8.88
476,Rambhual Nishad,Uttar Pradesh,SULTANPUR,General,Lok Sabha,BJP,151231957.11,142958411.0764054,73290483.20310144,48.46,79,31,Moderate Risk,2.88
477,Ramesh Awasthi,Uttar Pradesh,KANPUR,General,Lok Sabha,NCP,147000000.0,123598647.65808962,39605426.44752451,26.94,51,16,High Risk,0.0
478,Ravindra Shyamnarayan Alias Ravi Kishan Shukla,Uttar Pradesh,GORAKHPUR,General,Lok Sabha,SHS,147000000.0,132248717.05854554,112233368.06715122,76.35,20,13,Clean / Exemplary,0.0
479,Ruchi Vira,Uttar Pradesh,MORADABAD,General,Lok Sabha,INC,147000000.0,127434631.88901281,89881467.2327202,61.14,16,8,Moderate Risk,0.0
480,Sanatan Pandey,Uttar Pradesh,BALLIA,General,Lok Sabha,JDU,180420041.4,149360564.244359,46924380.49100127,26.01,49,17,High Risk,22.73
481,Shashank Mani,Uttar Pradesh,DEORIA,General,Lok Sabha,Independent,147000000.0,129882172.79068793,112090803.796934,76.25,78,55,Clean / Exemplary,0.0
482,Shri Arun Kumar Sagar,Uttar Pradesh,SHAHJAHANPUR(SC),SC,Lok Sabha,BJD,147000000.0,134076954.55082494,56183517.6435417,38.22,22,8,High Risk,0.0
483,Shri Narendra Modi,Uttar Pradesh,VARANASI,General,Lok Sabha,TMC,162070276.11,150210103.97752523,87560156.51350322,54.03,19,10,Moderate Risk,10.25
484,Shri Satish Kumar Gautam,Uttar Pradesh,ALIGARH,General,Lok Sabha,TMC,147000000.0,126228571.40231879,111986066.42876273,76.18,75,63,Clean / Exemplary,0.0
485,Smt Anupriya Patel,Uttar Pradesh,MIRZAPUR,General,Lok Sabha,AAP,147000000.0,130239973.67527036,96520810.64011061,65.66,58,46,Clean / Exemplary,0.0
486,Smt Dimple Yadav,Uttar Pradesh,MAINPURI,General,Lok Sabha,RJD,192042469.11,170187468.46745828,95392624.26466897,49.67,35,17,Moderate Risk,30.64
487,Smt Hema Malini,Uttar Pradesh,MATHURA,General,Lok Sabha,INC,147000000.0,121792267.83600813,67941492.07437049,46.22,72,46,Moderate Risk,0.0
488,Swami Sachchidanandhari Sakshi Ji Maharaj,Uttar Pradesh,UNNAO,General,Lok Sabha,BJP,147000000.0,128146236.4472602,100661587.2051684,68.48,67,48,Clean / Exemplary,0.0
489,Tanuj Punia,Uttar Pradesh,BARABANKI(SC),SC,Lok Sabha,BJP,148198170.11,140889863.96565244,93906932.18605742,63.37,64,25,Moderate Risk,0.82
490,Ujjwal Raman Singh,Uttar Pradesh,ALLAHABAD,General,Lok Sabha,TMC,147000000.0,130810882.41596548,42048537.81408838,28.6,53,11,High Risk,0.0
491,Utkarsh Verma Madhur,Uttar Pradesh,KHERI,General,Lok Sabha,DMK,147000000.0,132892994.8339361,114038830.34213385,77.58,24,16,Clean / Exemplary,0.0
492,Vijay Kumar Dubey,Uttar Pradesh,KUSHI NAGAR,General,Lok Sabha,BJP,148900000.0,124091862.98289159,82354319.49826667,55.31,61,28,Moderate Risk,1.29
493,Vinod Kumar Bind,Uttar Pradesh,BHADOHI,General,Lok Sabha,INC,147000000.0,119139237.59351169,50894032.30013134,34.62,64,17,High Risk,0.0
494,Virendra Singh,Uttar Pradesh,CHANDAULI,General,Lok Sabha,BJP,147000000.0,137527708.0891153,77997797.64837083,53.06,54,30,Moderate Risk,0.0
495,Zia Ur Rehman,Uttar Pradesh,SAMBHAL,General,Lok Sabha,BJP,147000000.0,118116039.48297891,112456304.79484643,76.5,34,23,Clean / Exemplary,0.0
496,Ajay Bhatt,Uttarakhand,NAINITAL UDHAM SINGH NAG.,General,Lok Sabha,NCP,147000000.0,119791788.92418528,85243426.95698376,57.99,79,42,Moderate Risk,0.0
497,Ajay Tamta,Uttarakhand,ALMORA(SC),SC,Lok Sabha,BJP,147000000.0,128138892.41920163,104414837.59141758,71.03,22,16,Clean / Exemplary,0.0
498,Anil Baluni,Uttarakhand,GARHWAL,General,Lok Sabha,TMC,147000000.0,124258975.79081938,99121372.83357088,67.43,56,46,Clean / Exemplary,0.0
499,Mala Rajya Laxmi Shah,Uttarakhand,TEHRI GARHWAL,General,Lok Sabha,INC,147000000.0,138922575.216205,118617540.95099995,80.69,46,35,Clean / Exemplary,0.0
500,Trivendra Singh Rawat,Uttarakhand,HARDWAR,General,Lok Sabha,YSR Congress,147000000.0,128119734.07293835,95304984.73989435,64.83,57,38,Moderate Risk,0.0
501,Abhijit Gangopadhyay,West Bengal,TAMLUK,General,Lok Sabha,TMC,147000000.0,130299183.54807821,48272324.063918345,32.84,33,8,High Risk,0.0
502,Abu Taher Khan,West Bengal,MURSHIDABAD,General,Lok Sabha,BJP,147000000.0,128371038.19283454,92359662.86693285,62.83,44,17,Moderate Risk,0.0
503,Adhikari Soumendu,West Bengal,KANTHI,General,Lok Sabha,TMC,147000000.0,135016988.32454404,110194606.4273411,74.96,18,13,Clean / Exemplary,0.0
504,Arup Chakraborty,West Bengal,BANKURA,General,Lok Sabha,Independent,147000000.0,145930427.32642403,124923980.09027694,84.98,70,46,Clean / Exemplary,0.0
505,Asit Kumar Mal,West Bengal,BOLPUR(SC),SC,Lok Sabha,INC,275694456.74,225737625.36156,90428076.3526184,32.8,52,16,High Risk,87.55
506,Azad Kirti Jha,West Bengal,BARDHAMAN-DURGAPUR,General,Lok Sabha,DMK,179658399.98,166630647.22451535,47700116.595009364,26.55,62,10,High Risk,22.22
507,Bag Mitali,West Bengal,ARAMBAG(SC),SC,Lok Sabha,BJD,147000000.0,125830056.57021074,85915423.7982598,58.45,77,43,Moderate Risk,0.0
508,Bapi Haldar,West Bengal,MATHURAPUR(SC),SC,Lok Sabha,JDU,147000000.0,123356259.36280532,69129961.42969966,47.03,19,12,Moderate Risk,0.0
509,Dr Jayanta Kumar Roy,West Bengal,JALPAIGURI(SC),SC,Lok Sabha,TMC,147000000.0,124726846.13300337,62706593.42599667,42.66,22,12,Moderate Risk,0.0
510,Dr Sukanta Majumdar,West Bengal,BALURGHAT,General,Lok Sabha,BJP,157085364.9,148952133.44573078,106085430.69406618,67.53,52,35,Clean / Exemplary,6.86
511,Dr. Sharmila Sarkar,West Bengal,BARDHAMAN PURBA(SC),SC,Lok Sabha,INC,147000000.0,131182970.62713751,122879562.76123035,83.59,76,66,Clean / Exemplary,0.0
512,Isha Khan Choudhury,West Bengal,MALDAHA DAKSHIN,General,Lok Sabha,BJP,147000000.0,119809050.78303279,63793696.36506526,43.4,62,42,Moderate Risk,0.0
513,Jagadish Chandra Barma Basunia,West Bengal,COOCHBEHAR(SC),SC,Lok Sabha,INC,168604641.11,143192618.1646108,83998246.54982705,49.82,68,31,Moderate Risk,14.7
514,Jagannath Sarkar,West Bengal,RANAGHAT(SC),SC,Lok Sabha,BJP,147000000.0,145536978.20233157,38823795.34531066,26.41,43,10,High Risk,0.0
515,June Maliah,West Bengal,MEDINIPUR,General,Lok Sabha,BSP,147000000.0,129882343.39571962,119301375.04977426,81.16,42,37,Clean / Exemplary,0.0
516,Kakoli Ghosh Dastidar,West Bengal,BARASAT,General,Lok Sabha,SP,147000000.0,138063006.1707815,47293821.144685246,32.17,25,8,High Risk,0.0
517,Kalipada Saren,West Bengal,JHARGRAM(ST),ST,Lok Sabha,BJP,147000000.0,124073386.13732445,103839929.6985554,70.64,59,52,Clean / Exemplary,0.0
518,Kalyan Banerjee,West Bengal,SREERAMPUR,General,Lok Sabha,TMC,147000000.0,131729245.37340344,37233865.44155189,25.33,53,17,High Risk,0.0
519,Kartick Chandra Paul,West Bengal,RAIGANJ,General,Lok Sabha,INC,202677986.56,187311570.64099443,54764641.929788694,27.02,17,4,High Risk,37.88
520,Khagen Murmu,West Bengal,MALDAHA UTTAR,General,Lok Sabha,BJP,147000000.0,127114140.44299652,107425282.86109644,73.08,46,41,Clean / Exemplary,0.0
521,Khalilur Rahaman,West Bengal,JANGIPUR,General,Lok Sabha,INC,147000000.0,125644623.98868097,108674923.29242194,73.93,79,67,Clean / Exemplary,0.0
522,Mala Roy,West Bengal,KOLKATA DAKSHIN,General,Lok Sabha,INC,147000000.0,125738737.23871052,119275251.19860287,81.14,53,38,Clean / Exemplary,0.0
523,Manoj Tigga,West Bengal,ALIPURDUARS(ST),ST,Lok Sabha,BJP,147000000.0,130894651.43153301,125776725.73715153,85.56,75,57,Clean / Exemplary,0.0
524,Ms Mahua Moitra,West Bengal,KRISHNANAGAR,General,Lok Sabha,TDP,159865046.0,140813619.02223945,84217946.05815266,52.68,36,20,Moderate Risk,8.75
525,Partha Bhowmick,West Bengal,BARRACKPUR,General,Lok Sabha,BJP,147000000.0,128036891.39145896,49143147.713558644,33.43,19,3,High Risk,0.0
526,Pathan Yusuf,West Bengal,BAHARAMPUR,General,Lok Sabha,BJD,147000000.0,133998832.47067873,98290207.68989377,66.86,62,42,Clean / Exemplary,0.0
527,Prasun Banerjee,West Bengal,HOWRAH,General,Lok Sabha,TDP,147000000.0,141294206.76345807,68566136.89874008,46.64,66,41,Moderate Risk,0.0
528,Pratima Mondal,West Bengal,JOYNAGAR(SC),SC,Lok Sabha,TMC,147000000.0,135423836.36987874,118101290.22585286,80.34,64,48,Clean / Exemplary,0.0
529,Prof Sougata Ray,West Bengal,DUM DUM,General,Lok Sabha,AAP,147000000.0,146520160.40274438,131771744.03676903,89.64,30,22,Clean / Exemplary,0.0
530,Rachna Banerjee,West Bengal,HOOGHLY,General,Lok Sabha,BJP,147000000.0,139952520.79979077,78930313.2032748,53.69,23,15,Moderate Risk,0.0
531,Raju Bista,West Bengal,DARJEELING,General,Lok Sabha,TDP,147000000.0,142487521.55749416,58819808.612709574,40.01,74,45,Moderate Risk,0.0
532,Saumitra Khan,West Bengal,BISHNUPUR(SC),SC,Lok Sabha,TMC,147000000.0,146558695.89054173,118982519.9372341,80.94,65,54,Clean / Exemplary,0.0
533,Sayani Ghosh,West Bengal,JADAVPUR,General,Lok Sabha,BJD,147000000.0,141769832.92164662,80624907.07672846,54.85,39,16,Moderate Risk,0.0
534,Shatrughan Sinha,West Bengal,ASANSOL,General,Lok Sabha,BJP,147000000.0,143528676.09415653,98128967.87689324,66.75,42,35,Clean / Exemplary,0.0
535,Shri Abhishek Banerjee,West Bengal,DIAMOND HARBOUR,General,Lok Sabha,BJP,147000000.0,137479620.32501778,130149898.12175938,88.54,36,29,Clean / Exemplary,0.0
536,Shri Deepak (Dev) Adhikari,West Bengal,GHATAL,General,Lok Sabha,BJP,200747364.0,195638497.74275583,68540234.72246365,34.14,22,6,High Risk,36.56
537,Shri Jyotirmay Singh Mahato,West Bengal,PURULIA,General,Lok Sabha,BJD,147000000.0,141981031.8999126,39057914.60832336,26.57,72,20,High Risk,0.0
538,Shri Shantanu Thakur,West Bengal,BANGAON(SC),SC,Lok Sabha,YSR Congress,147000000.0,120946848.76821208,70252847.74330702,47.79,37,17,Moderate Risk,0.0
539,Sk Nurul Islam,West Bengal,BASIRHAT,General,Lok Sabha,BJP,49000000.0,43962804.839216515,10201536.74807001,20.82,52,12,High Risk,-66.67
540,Smt Sajda Ahmed,West Bengal,ULUBERIA,General,Lok Sabha,BJP,147000000.0,118510100.2530287,128597391.19241156,87.48,40,29,Clean / Exemplary,0.0
541,Smt Satabdi Roy (Banerjee),West Bengal,BIRBHUM,General,Lok Sabha,Others,147000000.0,126079119.87187113,91442821.9897366,62.21,77,52,Moderate Risk,0.0
542,Sudip Bandyopadhyay,West Bengal,KOLKATA UTTAR,General,Lok Sabha,BJP,147000000.0,131581053.5021127,50115015.89492838,34.09,50,20,High Risk,0.0
